name,address,birth_data,plasticcard
Mutia Maryati,"Jr. Asia Afrika No. 721, Lhokseumawe 13933, Jambi",1969-11-02,5331023382169374
Padmi Susanti M.Farm,"Dk. Ketandan No. 978, Kotamobagu 49016, KalBar",2000-10-19,5192749337907413
Karen Ayu Nuraini,"Gg. Pelajar Pejuang 45 No. 628, Magelang 97885, SumBar",1976-11-29,4936559258892955
Bagus Pangestu S.E.,"Ds. Dr. Junjunan No. 814, Depok 88910, Lampung",1976-11-17,4532328500101
Violet Halimah,"Ds. Nanas No. 645, Mojokerto 32506, SumSel",1971-07-05,4916260321768
Samsul Sihombing,"Jr. Otto No. 479, Tanjungbalai 61454, SulUt",1962-11-25,4929701723778067
Hendri Mandala,"Ds. Nangka No. 564, Administrasi Jakarta Pusat 90530, KalUt",1964-09-29,4539229000057
Zizi Zulaika,"Gg. Sutarto No. 645, Administrasi Jakarta Timur 51341, SulUt",1994-01-20,5506763495873086
Wardi Setiawan,"Jr. Tentara Pelajar No. 236, Kendari 62155, KalSel",1988-08-29,4532317825434837
Hamzah Kasusra Saragih,"Jr. Abdullah No. 500, Singkawang 88653, Riau",1989-03-11,371618140739327
Cinthia Pudjiastuti,"Ds. Bahagia No. 522, Administrasi Jakarta Timur 59629, SulBar",1989-01-15,4933815794802095
Padmi Siska Nurdiyanti,"Psr. Wahid No. 838, Subulussalam 22551, KalBar",1984-02-26,5285871398590371
Uli Halimah,"Ds. Suryo No. 554, Pekanbaru 33407, JaBar",1995-11-19,4929202737629
Puput Pudjiastuti,"Ki. Raden No. 961, Padang 66237, SulBar",1966-02-23,5150369567614280
Laswi Prabowo,"Ki. Lada No. 126, Pematangsiantar 46484, Maluku",1992-06-01,4916712832024
Kamaria Hani Padmasari,"Dk. Radio No. 615, Batu 23032, KalUt",1969-10-04,4485509402565
Raharja Margana Prasetya,"Jr. Kebangkitan Nasional No. 986, Metro 17026, JaTim",1968-10-09,5298052280236085
Prima Hardiansyah,"Jr. Yogyakarta No. 432, Padang 78886, SulTra",1973-12-11,4679467218175
Bahuraksa Nasab Hidayat S.Farm,"Kpg. Cikutra Barat No. 248, Yogyakarta 91566, Riau",1987-05-03,4716511832328
Diana Hariyah,"Gg. Yogyakarta No. 933, Pasuruan 95287, SulTeng",1994-05-04,4716961982318
Prayogo Marpaung,"Dk. Yogyakarta No. 474, Samarinda 55580, Riau",1972-11-03,6011776440356250
Warsa Daliono Hidayat,"Jln. Sukajadi No. 955, Subulussalam 97273, Gorontalo",1980-05-02,6011981436695014
Ciaobella Yuniar,"Gg. Gardujati No. 614, Ternate 93336, KalTeng",1999-07-10,5544733093865325
Ganep Iswahyudi,"Jln. Bak Mandi No. 805, Dumai 83226, Jambi",1973-04-23,4826835413684765
Wira Ajimat Utama,"Kpg. Pelajar Pejuang 45 No. 808, Tegal 16396, Riau",1973-04-08,5277245364161014
Ajiman Hasan Dabukke S.T.,"Ds. Babah No. 781, Sorong 31807, KalSel",1982-10-18,5106719018048493
Padmi Safitri,"Jln. Achmad No. 843, Pangkal Pinang 55116, SulTra",1983-03-12,349490099017793
Chelsea Lestari M.Ak,"Jr. B.Agam Dlm No. 234, Semarang 13563, KalSel",1989-03-09,4024007163336
Lintang Agustina S.E.I,"Ki. Reksoninten No. 989, Yogyakarta 70296, MalUt",1961-03-18,4929398342194477
Dina Rini Rahimah S.T.,"Ki. Sentot Alibasa No. 227, Serang 87518, NTT",1994-04-22,5267796590609152
Budi Ibun Rajata,"Ds. Sam Ratulangi No. 34, Bau-Bau 40125, SulBar",1990-06-18,6011469774196472
Uchita Aryani S.Gz,"Jr. Lada No. 158, Prabumulih 54314, NTB",1989-10-11,5426114830480400
Setya Suryono,"Jln. Supomo No. 388, Tegal 15238, KalTeng",1960-05-20,4300198804403
Nasim Pradipta,"Psr. Mahakam No. 919, Solok 32986, Jambi",1997-02-05,4916870614461
Prayogo Tirtayasa Irawan S.Pd,"Dk. Pasir Koja No. 932, Subulussalam 34724, KalBar",1958-03-25,4024007139590920
Bakti Lazuardi,"Psr. HOS. Cjokroaminoto (Pasirkaliki) No. 742, Tasikmalaya 60471, Bali",1959-01-17,5580892539965472
Kayla Ajeng Mandasari S.H.,"Jln. Gegerkalong Hilir No. 173, Sabang 14960, Maluku",1990-04-07,4929639769799169
Marsudi Utama,"Gg. Kartini No. 641, Parepare 23158, NTB",1956-05-30,4716866502435
Nilam Safitri S.Ked,"Ds. Flores No. 518, Ternate 47103, SulTeng",1998-03-19,4485872717573
Humaira Yuniar,"Gg. Kiaracondong No. 640, Mataram 59435, DIY",1981-01-01,5288030120178255
Hilda Pratiwi,"Gg. Kebangkitan Nasional No. 265, Ambon 22882, SumSel",1966-02-05,5437743467591423
Wasis Baktiadi Wasita,"Psr. Kebonjati No. 94, Sawahlunto 92264, JaTim",2000-11-12,4716244992225
Warsa Hakim,"Gg. Baha No. 948, Administrasi Jakarta Barat 21120, NTB",1970-12-30,4026929791839
Salwa Oliva Prastuti S.T.,"Ki. Raden Saleh No. 751, Singkawang 17600, MalUt",1976-08-21,4024007194307
Caraka Adiarja Ardianto,"Jr. Bah Jaya No. 841, Banjarmasin 36690, Bali",1965-11-10,5132229307213913
Galang Prakasa S.Gz,"Psr. Gremet No. 22, Malang 35682, KalUt",1984-05-08,4929113343947
Kenari Rajasa,"Jln. Sugiyopranoto No. 99, Tangerang Selatan 98474, Jambi",1968-05-09,373682388711214
Opung Januar,"Jln. Jamika No. 868, Pasuruan 28570, Aceh",1999-11-10,5312933916132818
Uchita Astuti,"Ki. Bak Air No. 5, Pariaman 48250, SulUt",1989-09-25,4485712293619546
Damu Garda Thamrin,"Ds. Labu No. 995, Bau-Bau 32394, MalUt",1965-09-06,5301496210487935
Laswi Tamba S.E.,"Dk. Bak Mandi No. 630, Bandar Lampung 84478, KepR",1997-03-22,5585125089846775
Emin Endra Hakim S.E.I,"Gg. Camar No. 620, Samarinda 73030, Jambi",1997-11-25,5248772516910721
Asirwada Jamil Maheswara M.Ak,"Ki. Muwardi No. 693, Administrasi Jakarta Utara 81443, KalTim",1961-12-08,4916288274130
Bakti Eka Haryanto M.M.,"Dk. Ters. Kiaracondong No. 812, Jambi 75016, KalBar",1988-11-11,5466806830431991
Elma Puspasari,"Ds. Honggowongso No. 474, Palangka Raya 70282, KalBar",1962-04-21,6011806533697441
Kenzie Dartono Januar,"Ki. Yos Sudarso No. 252, Bandar Lampung 60939, SulTra",1955-12-14,4929961113228
Lulut Dirja Wibowo,"Kpg. Tangkuban Perahu No. 916, Batam 47433, SumUt",1993-01-18,5143483664224206
Lidya Yance Kusmawati,"Jln. Tangkuban Perahu No. 677, Lhokseumawe 45988, DKI",1985-12-07,5110474016520580
Salman Prabowo,"Psr. Lada No. 955, Tomohon 37007, KalTim",1976-03-09,5240513029840536
Prasetyo Lazuardi,"Ds. Dr. Junjunan No. 107, Makassar 11971, Bengkulu",1982-08-04,6011233603530321
Ilsa Anggraini,"Psr. Surapati No. 287, Serang 23399, KalBar",1979-01-11,5137333567011192
Luthfi Ozy Ramadan S.H.,"Ki. Banceng Pondok No. 360, Bengkulu 59967, KalBar",1976-11-28,5167082483250185
Syahrini Wastuti,"Kpg. Batako No. 636, Administrasi Jakarta Pusat 17298, DIY",1965-10-10,5254016874678111
Xanana Sihotang,"Dk. Katamso No. 613, Sibolga 21287, SulUt",1993-10-02,4916527046122229
Puti Wastuti,"Gg. Ketandan No. 493, Jambi 74574, KalTeng",1976-03-23,5438942230175279
Garda Cakrabirawa Hardiansyah,"Dk. Suryo No. 612, Kendari 52704, NTB",1971-02-03,5469518337148757
Adika Rafi Hidayanto M.TI.,"Jln. Cikapayang No. 135, Magelang 19294, Riau",1992-05-23,5589894255109310
Cawisono Kusuma Mustofa S.IP,"Ki. Sutarto No. 837, Dumai 29969, Riau",1963-04-15,4024007194513
Hartaka Manullang,"Gg. Bah Jaya No. 628, Malang 22849, Bali",1985-02-10,4716364206000
Bancar Maheswara S.I.Kom,"Psr. R.E. Martadinata No. 370, Bontang 67393, SulBar",1984-11-28,5367997850651236
Oni Melani M.Pd,"Jr. Sam Ratulangi No. 785, Pasuruan 35833, SumSel",1969-03-16,4929152323354
Elvin Adriansyah,"Dk. Sugiyopranoto No. 281, Payakumbuh 98335, JaBar",1961-05-18,6011811630105330
Ulya Yuliarti,"Jln. Wahidin Sudirohusodo No. 978, Sukabumi 55320, Banten",1956-01-30,4556787253149126
Balamantri Marbun M.M.,"Gg. Baabur Royan No. 545, Jayapura 53971, SumBar",1995-02-15,372873478976665
Rahayu Eka Rahayu,"Jln. Pasteur No. 659, Tanjungbalai 78011, Aceh",1982-10-31,5370133095768206
Hafshah Halimah,"Gg. Sukabumi No. 202, Tangerang Selatan 89999, NTB",1981-11-20,5461605337679010
Laila Safina Sudiati S.Kom,"Ki. Rajawali No. 141, Sungai Penuh 24496, NTB",1992-12-31,4929199854916
Heru Najmudin,"Jln. Bahagia  No. 826, Tual 57632, MalUt",1959-08-01,5299965739900416
Halim Budiyanto S.T.,"Ds. Baja Raya No. 555, Bogor 84130, SulTra",1996-04-29,5337113853966962
Himawan Salahudin,"Jln. Baranangsiang No. 129, Pontianak 48185, KalBar",1980-11-02,4929368500795
Ira Winarsih,"Dk. Bayan No. 863, Bengkulu 79408, NTT",1961-03-20,4929238040493
Sari Violet Halimah M.Pd,"Kpg. Suprapto No. 90, Singkawang 74964, PapBar",1963-05-25,5142693841287428
Teguh Tampubolon,"Ki. Elang No. 437, Tangerang Selatan 99684, Aceh",1987-11-06,5527638306514860
Kani Zalindra Hassanah S.Kom,"Gg. Fajar No. 768, Sabang 96449, KalSel",1969-11-17,4716170581539
Nova Lailasari,"Ki. Kiaracondong No. 55, Yogyakarta 47317, Maluku",1971-11-20,6011417141219089
Emas Prasetyo,"Ds. Acordion No. 368, Samarinda 88555, Maluku",1985-11-06,6011637133162282
Rahman Irwan Sirait,"Psr. Astana Anyar No. 514, Binjai 14070, Bali",1993-10-21,5245909815838699
Tami Yuliarti S.Ked,"Dk. B.Agam Dlm No. 346, Padangsidempuan 22637, Bali",1963-07-07,4024007101135597
Ami Wahyuni,"Ki. Dago No. 288, Makassar 18715, Riau",1997-10-24,4532704516204571
Samiah Pertiwi,"Ds. Supomo No. 770, Kediri 19252, DIY",1960-10-31,4539035579820885
Bagus Megantara,"Ds. Radio No. 316, Tual 17373, Bengkulu",1968-04-22,5428854376229699
Nadia Maryati,"Gg. Karel S. Tubun No. 443, Kediri 37505, KalUt",2000-11-14,5257165072018120
Jamil Habibi,"Psr. R.E. Martadinata No. 818, Palu 15617, NTB",1993-03-01,5271635977334519
Eka Pangestu,"Jr. Baranangsiang No. 339, Kupang 64413, KalBar",1997-12-25,5598442373310680
Lili Pertiwi,"Jln. Veteran No. 212, Probolinggo 88703, Maluku",1968-10-14,5179806244678276
Kanda Wijaya,"Jln. Achmad Yani No. 838, Bitung 19596, Aceh",1989-07-16,4916051226937
Genta Haryanti,"Psr. Gatot Subroto No. 508, Yogyakarta 18593, SulUt",1955-06-09,5167526476630365
Ade Tania Laksmiwati,"Jr. Antapani Lama No. 217, Banjar 41256, Banten",1969-03-24,4485217496230
Ajeng Belinda Purwanti S.Kom,"Jr. Kyai Gede No. 833, Tangerang 91018, BaBel",1982-07-13,5320239320037746
Virman Kardi Hutapea S.Farm,"Jr. Katamso No. 322, Bengkulu 59130, Bengkulu",1972-03-14,4532274854946480
Lanang Megantara S.I.Kom,"Dk. Imam Bonjol No. 577, Cilegon 96742, SulTra",1962-03-17,4539962075002447
Ulya Agnes Wijayanti,"Jr. Villa No. 584, Pagar Alam 45927, KalSel",1984-11-28,5590881847843081
Panji Uwais,"Dk. Imam Bonjol No. 199, Metro 46829, NTB",2001-06-05,4929987745003
Purwanto Firgantoro,"Gg. Cokroaminoto No. 781, Bandar Lampung 80034, KalUt",1958-06-24,4929224526950
Rahmi Aurora Mandasari,"Ki. Lumban Tobing No. 402, Administrasi Jakarta Pusat 97956, KalTeng",1982-01-31,5403670613225400
Cahyo Danu Rajata,"Dk. Suniaraja No. 934, Cirebon 16927, KalBar",1980-04-16,4929888452543
Pardi Prayoga M.Pd,"Ds. Salatiga No. 300, Medan 18688, Aceh",1990-10-28,4485043101624
Panji Estiono Putra,"Dk. Wahid No. 99, Tangerang Selatan 61899, SulUt",2000-11-06,4024007121664
Jamil Paiman Mandala M.Ak,"Gg. Sutoyo No. 19, Tebing Tinggi 51738, Bali",1959-04-10,5510255788144444
Laras Namaga,"Ki. Umalas No. 821, Kupang 18714, Riau",1957-06-09,4532567832398520
Ellis Diana Novitasari,"Jln. Suryo Pranoto No. 470, Makassar 59781, Riau",1961-05-06,4916555947368039
Umi Agnes Aryani S.I.Kom,"Ki. Nangka No. 750, Tanjung Pinang 10996, Bali",1978-09-27,5313781983348604
Eka Kania Kusmawati,"Dk. Bank Dagang Negara No. 406, Surakarta 60181, Gorontalo",1981-12-03,5276384409443136
Padmi Cinta Fujiati S.Psi,"Ki. Sutami No. 347, Pekanbaru 98970, KepR",1994-12-02,5126371286465151
Marsito Situmorang M.Ak,"Kpg. Casablanca No. 540, Payakumbuh 23556, JaBar",1972-12-13,4539017451104489
Muhammad Najam Nainggolan,"Psr. Radio No. 805, Bau-Bau 20093, MalUt",1961-02-28,5545640020382531
Banawi Lukman Tarihoran,"Psr. Bagis Utama No. 688, Palu 51496, Aceh",1967-08-23,4556095543093
Naradi Rizki Jailani,"Dk. Dipenogoro No. 335, Banjar 90081, KalTim",1990-05-11,5346375356650059
Pangeran Wasita,"Jr. Bara Tambar No. 937, Surakarta 30868, SulBar",1990-02-23,4716858708725237
Laras Mandasari S.H.,"Dk. Baja No. 454, Lhokseumawe 83775, DKI",1980-07-01,6011382780979965
Icha Rini Nuraini,"Gg. Bakit  No. 505, Solok 97500, Jambi",1958-02-01,4929225928412496
Emin Prasetya,"Dk. Juanda No. 904, Pasuruan 94005, SulTra",1958-01-28,5162094826303394
Ifa Michelle Andriani,"Jr. Uluwatu No. 165, Gorontalo 31491, SumSel",1982-10-09,4539618751717167
Karsa Saputra,"Dk. Kalimantan No. 888, Makassar 42830, KalUt",1965-11-12,4929302345521
Cengkir Iswahyudi,"Ki. Dago No. 410, Palembang 17567, JaBar",1983-11-09,6011241675975894
Pandu Widodo,"Psr. Dipenogoro No. 968, Binjai 85162, MalUt",1960-02-17,377832053156007
Asmianto Digdaya Nashiruddin,"Jln. Asia Afrika No. 176, Padangsidempuan 59148, JaBar",1982-11-03,4539172090289389
Wulan Lailasari,"Ds. Basuki No. 259, Pangkal Pinang 67201, NTB",1998-03-28,5132213602912940
Marsudi Prasasta,"Psr. Gremet No. 198, Kupang 57160, NTT",1979-07-23,4532219729288774
Rahmat Siregar,"Ds. Pasteur No. 983, Pasuruan 49320, MalUt",1978-07-16,5157204454328806
Paris Maryati,"Ki. Tambak No. 976, Pasuruan 26074, Jambi",1973-03-13,5446099674542884
Zamira Yulianti S.Ked,"Jln. Bhayangkara No. 116, Sabang 64179, SumUt",1983-12-28,5151638089969680
Bambang Simanjuntak S.H.,"Psr. Moch. Ramdan No. 908, Jambi 85985, MalUt",1976-01-10,374632270426040
Vivi Citra Safitri,"Gg. Banceng Pondok No. 408, Denpasar 34386, PapBar",1960-11-02,379996121350450
Kunthara Wahyudin,"Psr. Ekonomi No. 5, Kendari 27311, Gorontalo",1987-02-04,6011970345498693
Icha Wijayanti S.Pt,"Gg. Setiabudhi No. 961, Payakumbuh 50547, Aceh",1969-03-18,4497052122441
Tami Melani,"Dk. Tangkuban Perahu No. 382, Padangsidempuan 45967, KepR",1981-06-28,6011346415334417
Hasta Irawan,"Dk. Suharso No. 955, Bogor 22876, MalUt",1957-08-07,4539462896476
Garda Tamba S.E.,"Jr. Sukajadi No. 894, Yogyakarta 46188, Bengkulu",1968-12-16,5139742171409022
Ina Yessi Hartati,"Dk. Wora Wari No. 102, Administrasi Jakarta Pusat 27012, NTB",1987-02-24,5244867701766211
Aditya Atma Adriansyah,"Psr. Cemara No. 735, Samarinda 96214, SulSel",1980-08-23,5253130122749367
Aurora Haryanti S.Sos,"Gg. Uluwatu No. 398, Manado 35148, NTB",1969-04-14,5401392851289988
Hardi Praba Firgantoro M.Farm,"Psr. Supono No. 364, Batu 49179, SumSel",1958-06-14,4716174386372
Kusuma Samosir,"Ki. Suharso No. 272, Batu 39560, KalBar",1988-05-17,4716030879503
Viktor Mangunsong,"Gg. Baranang No. 653, Gorontalo 92995, Riau",1990-12-23,4322458269572
Wakiman Gunarto,"Jr. Ciwastra No. 238, Pasuruan 37140, KalTim",1965-09-15,5153367179324568
Cinta Hariyah S.Farm,"Gg. Bass No. 267, Sungai Penuh 81817, SumSel",2001-06-25,4556768173150709
Hendra Edward Waluyo,"Kpg. Basudewo No. 796, Palangka Raya 11088, JaTim",1982-01-25,4916414255926832
Jaeman Budiman,"Psr. Jend. A. Yani No. 105, Palopo 57169, KalTim",1967-07-04,6011204387710793
Margana Argono Putra S.E.I,"Psr. Jamika No. 374, Bandung 36176, Gorontalo",1999-02-19,5433920204429935
Gaiman Raihan Nainggolan M.Kom.,"Ki. Wahid No. 196, Malang 76341, KepR",1956-10-16,4532475130298
Ilsa Novitasari M.Pd,"Ds. Tubagus Ismail No. 980, Sungai Penuh 25687, Riau",1986-06-23,5525215762882123
Zulfa Rahayu,"Ds. Baiduri No. 242, Mojokerto 12161, KalTeng",1978-12-01,5591611278123649
Fitriani Safitri S.I.Kom,"Jr. Wahidin No. 673, Bukittinggi 66054, Aceh",1972-02-24,4024007159441
Nadia Fujiati,"Ds. Batako No. 953, Ternate 61000, JaTim",1968-02-11,5526331072159695
Nugraha Damanik,"Ds. Baja No. 49, Administrasi Jakarta Selatan 65609, Aceh",1956-06-20,5173633136081492
Nasab Wadi Wacana,"Ds. Jagakarsa No. 311, Payakumbuh 43453, SulBar",1993-04-09,5417253165139453
Hafshah Suryatmi,"Ds. Baik No. 792, Mojokerto 39560, KalTeng",1970-11-18,4024007100661189
Jane Nuraini,"Jln. Bagonwoto  No. 584, Pekalongan 88432, DKI",1970-07-22,5228810668196923
Adhiarja Firmansyah,"Jr. Cikutra Barat No. 81, Gorontalo 80711, KalTeng",1959-05-28,370955916481416
Ophelia Rahayu,"Psr. Basuki No. 495, Serang 39513, KalTeng",1955-10-16,4916712595570396
Balapati Slamet Sinaga M.M.,"Jln. Rajawali No. 1, Sibolga 83913, SumUt",1990-12-16,4380420373130089
Victoria Tania Nasyiah,"Gg. Bak Air No. 996, Solok 15919, KalTeng",1991-07-12,341750698987235
Kiandra Anggraini S.Gz,"Jr. Tambak No. 734, Parepare 35641, JaBar",2002-02-09,6011191121722483
Jarwi Sitorus,"Ds. Cut Nyak Dien No. 61, Tegal 16854, KalTim",1986-03-01,4024007196221435
Wani Titi Astuti S.E.,"Kpg. Madiun No. 846, Banjar 22589, PapBar",2000-10-21,4485501182153653
Rizki Rizki Suryono,"Gg. Sam Ratulangi No. 698, Bogor 37119, Riau",1959-06-04,4471839705366360
Clara Olivia Usada,"Ds. Teuku Umar No. 913, Semarang 89289, SulTra",1967-07-20,4186034849062663
Zizi Oktaviani,"Dk. Basudewo No. 866, Salatiga 92988, Bengkulu",1995-07-29,4716474583616697
Raisa Prastuti,"Ki. Otto No. 222, Sawahlunto 36800, SumUt",1967-11-04,5165082624207104
Karya Siregar,"Gg. Cikutra Timur No. 12, Parepare 47100, KalTim",1984-10-26,5597626274214964
Gabriella Novitasari,"Ki. Ciumbuleuit No. 557, Pekanbaru 48130, Aceh",1968-05-14,5323879103851255
Zelda Lidya Usada,"Jr. Sam Ratulangi No. 560, Bogor 52525, SulTra",1961-03-21,5383038566893828
Paramita Halimah,"Psr. Basoka Raya No. 621, Sungai Penuh 91072, DKI",1969-07-26,4024007181162297
Ani Gilda Nasyidah,"Ds. Daan No. 820, Kotamobagu 18599, Lampung",1992-08-12,5580893094449217
Hamzah Sihombing,"Ki. Villa No. 344, Sabang 20491, Maluku",2001-04-07,4127796342025650
Hani Sudiati S.Pd,"Gg. Bagas Pati No. 467, Jambi 27699, KalUt",1956-03-25,5329923852801675
Abyasa Wakiman Wibowo S.I.Kom,"Jln. Baiduri No. 101, Surakarta 64384, SulUt",1959-06-25,5355757481352297
Dian Astuti S.Psi,"Jr. Cemara No. 574, Payakumbuh 90888, KalTeng",1983-01-23,5396703810190231
Maida Zulaikha Andriani,"Jr. Sukajadi No. 542, Administrasi Jakarta Pusat 34233, SulTra",1956-06-12,5451928677740933
Carla Azalea Suryatmi S.Pt,"Jr. Tangkuban Perahu No. 478, Tangerang 31904, JaTim",1968-12-08,5301211518494461
Rachel Faizah Pudjiastuti,"Dk. Madrasah No. 829, Tangerang 45985, Papua",1993-12-01,6011144818145906
Icha Purnawati,"Psr. Thamrin No. 556, Pasuruan 64153, Banten",1971-03-12,5248870581726152
Asirwada Nashiruddin,"Ki. Sudiarto No. 200, Administrasi Jakarta Barat 24110, Riau",1957-06-24,5413456052824335
Jarwa Cengkir Suwarno S.Pd,"Kpg. Untung Suropati No. 133, Lubuklinggau 87663, JaBar",1998-05-25,5385548398493843
Puti Hariyah M.Pd,"Psr. Kusmanto No. 119, Sabang 31496, SumBar",2001-11-05,377789949028883
Candra Samosir,"Dk. Moch. Yamin No. 501, Kediri 86182, NTB",1998-03-09,5427121688145521
Zelda Widiastuti,"Kpg. Cihampelas No. 432, Pangkal Pinang 22797, DKI",1993-06-26,4556732705633350
Vino Maulana,"Jr. Ciwastra No. 178, Gorontalo 78778, KalUt",1958-01-06,6011720028892146
Maya Purwanti,"Jr. Cikutra Barat No. 746, Jayapura 44890, NTT",2001-09-17,5560651190982760
Tina Pudjiastuti S.Gz,"Jr. Bawal No. 504, Banda Aceh 20653, SulSel",2001-04-05,5527377910638589
Mitra Pradipta M.TI.,"Ds. Veteran No. 10, Sibolga 60771, SulUt",1989-02-01,346982082618267
Ade Novitasari,"Jln. Gajah Mada No. 44, Tasikmalaya 72055, Jambi",1967-08-20,5142972178161707
Bagus Garan Pradana,"Jr. Aceh No. 393, Bandung 26275, SulTra",1988-06-24,5589798492859886
Cawisono Saptono,"Dk. Rajawali Timur No. 586, Serang 46306, Riau",1979-03-23,4556222643394364
Ida Andriani,"Kpg. Kalimalang No. 98, Pasuruan 66677, KalBar",1976-01-27,6011219285792644
Betania Yulianti,"Ds. Kalimalang No. 825, Manado 27879, Aceh",1964-07-29,4532243648719792
Praba Dongoran,"Psr. Villa No. 298, Bontang 78599, Papua",1981-03-29,5339964794843639
Karen Purnawati,"Psr. Karel S. Tubun No. 156, Tarakan 93955, Bengkulu",1966-07-08,5354701649576984
Vivi Hana Uyainah S.Farm,"Jr. Bata Putih No. 235, Lubuklinggau 20484, Lampung",1978-03-23,4532567135018379
Slamet Radika Ardianto S.T.,"Ds. Abdul Rahmat No. 46, Pasuruan 49545, DIY",1963-06-18,5290450459644980
Winda Rahmi Usamah,"Ds. Bahagia  No. 885, Banjarbaru 54356, SumUt",1965-01-11,4024007170005879
Jane Yulianti,"Psr. Cikutra Timur No. 339, Bitung 40374, Aceh",1986-06-12,4716657996929
Amelia Yolanda,"Ki. R.M. Said No. 798, Administrasi Jakarta Barat 22862, Aceh",1994-04-24,4024007196692262
Maimunah Rini Yulianti S.T.,"Kpg. Abdul No. 747, Mataram 44429, SumSel",1955-05-29,6011083329901466
Kuncara Utama Sitompul,"Gg. Basket No. 784, Cirebon 10415, SulBar",1980-07-13,6011671369388550
Ulva Namaga,"Dk. Labu No. 122, Solok 75157, SulBar",1960-07-15,347440885879395
Kenari Tamba,"Ds. Baranang Siang Indah No. 857, Blitar 79403, Lampung",1957-10-25,4532520549179
Bakiadi Setya Waluyo S.T.,"Ki. Untung Suropati No. 784, Samarinda 50683, JaTeng",1985-06-19,5156201159057053
Irma Kuswandari,"Jln. Kusmanto No. 881, Sukabumi 31374, Bali",1985-04-29,4485577581043
Yani Paulin Susanti,"Ds. K.H. Wahid Hasyim (Kopo) No. 504, Prabumulih 78661, Lampung",1996-11-25,4929797645083172
Prayoga Pradana,"Kpg. Cemara No. 528, Banda Aceh 96798, SulTeng",1973-03-20,5209342144333501
Praba Radika Januar,"Kpg. Basket No. 555, Gunungsitoli 14077, SulUt",1987-02-10,6011474674819991
Pranata Salahudin,"Psr. Kalimalang No. 464, Yogyakarta 63603, SulUt",2001-03-01,5179175119533895
Jinawi Sirait S.T.,"Psr. Bak Mandi No. 344, Pontianak 17906, JaTeng",1958-06-14,5350406440754335
Ade Laksmiwati M.M.,"Ki. Bahagia  No. 576, Sungai Penuh 37126, Gorontalo",1975-07-18,4024007139034135
Johan Widodo M.M.,"Ki. Bakaru No. 199, Palopo 61960, DKI",1963-10-30,5108355206867770
Rama Salahudin M.Farm,"Gg. Baiduri No. 593, Ternate 25705, JaBar",1980-08-15,4475217983055
Rini Lailasari S.Psi,"Ki. Wahidin Sudirohusodo No. 354, Probolinggo 92854, Bengkulu",1976-03-13,6011714664745296
Kiandra Yulianti S.T.,"Ki. Sam Ratulangi No. 748, Surakarta 68783, SulBar",1970-04-09,5109452819643711
Karman Jaswadi Rajasa,"Kpg. Jakarta No. 394, Surabaya 43466, Jambi",1981-04-21,4716853262977
Juli Mila Mayasari S.Sos,"Gg. Basoka No. 844, Administrasi Jakarta Pusat 17382, NTT",1970-06-30,5472723619935906
Gasti Wahyuni,"Jln. Yos Sudarso No. 297, Pariaman 52235, KalUt",1960-07-02,4716116505561846
Vera Suryatmi,"Ds. Bakau Griya Utama No. 732, Pematangsiantar 65612, JaTeng",1991-10-06,5374691647761082
Chandra Hutagalung,"Ki. Gotong Royong No. 218, Ternate 49640, Jambi",1989-11-20,4550149222721
Cindy Utami M.TI.,"Jln. Otto No. 204, Bau-Bau 45685, SulBar",1983-02-11,5554283624980653
Eja Pranowo,"Jr. Basuki Rahmat  No. 674, Denpasar 98097, SulTeng",2000-03-27,5210678140999747
Nadine Nasyidah S.E.I,"Jr. Otto No. 788, Administrasi Jakarta Timur 95730, Gorontalo",1980-08-18,6011957321291861
Eka Hassanah M.TI.,"Psr. Nakula No. 170, Bekasi 14200, KalBar",1979-07-07,5332089568807771
Paiman Prasetya,"Jr. M.T. Haryono No. 949, Palu 14645, NTB",1987-01-27,377900210837692
Dipa Jaka Napitupulu,"Gg. Supono No. 766, Kendari 92583, SulTeng",1993-03-04,4556359695084
Sarah Paramita Kusmawati,"Kpg. Bayan No. 589, Administrasi Jakarta Barat 13157, JaTeng",1982-04-01,5205604869255076
Yani Nuraini,"Gg. Abdullah No. 692, Administrasi Jakarta Selatan 80405, KalTim",1989-01-31,5594123680906915
Perkasa Siregar M.TI.,"Dk. Laksamana No. 978, Bukittinggi 65476, SulSel",1970-10-10,5177559637133753
Jaswadi Rajasa,"Jr. Antapani Lama No. 938, Kendari 85476, Bengkulu",1986-09-07,4024007194333240
Zaenab Padmi Puspita,"Jln. Suryo Pranoto No. 137, Parepare 36513, NTB",1982-06-25,5226700367179860
Paris Fitriani Suartini,"Psr. Rajawali Barat No. 344, Gunungsitoli 79093, Riau",1974-05-16,5518462546430063
Drajat Dabukke M.Ak,"Kpg. Halim No. 589, Surakarta 85113, Banten",1979-01-26,4716320962258
Cici Wulandari,"Ki. Baja No. 736, Padang 68891, JaTeng",1958-09-29,4716200481669540
Diana Hasanah,"Ki. Imam Bonjol No. 743, Binjai 16916, JaTim",1993-05-26,5153233495220197
Faizah Vicky Riyanti S.Gz,"Dk. W.R. Supratman No. 66, Bau-Bau 53075, KepR",1969-12-24,4233873492572384
Soleh Tamba S.Sos,"Gg. Sutami No. 746, Padangpanjang 98770, Lampung",1988-02-09,5406040715998550
Praba Budiyanto M.TI.,"Gg. Halim No. 410, Bekasi 56221, Lampung",1989-03-03,5591237693751168
Ian Santoso,"Ds. Acordion No. 336, Tangerang Selatan 77267, Aceh",1958-03-22,4716196798829308
Chelsea Wijayanti,"Gg. Yohanes No. 543, Lhokseumawe 88607, Lampung",1971-04-02,4716061550270
Saka Santoso S.Farm,"Ki. Gajah No. 651, Sibolga 98787, NTT",1978-05-29,5266893209390802
Hamima Laksita,"Psr. Cikapayang No. 397, Bengkulu 54617, Riau",2000-07-13,4024007184753
Embuh Hasta Waskita,"Ds. R.E. Martadinata No. 553, Bukittinggi 88559, Lampung",1987-01-09,6011900760442843
Sakura Utami S.Psi,"Jln. Abdul Rahmat No. 762, Tanjungbalai 64914, SulUt",1984-01-01,4024007114164
Kartika Uli Astuti,"Ds. Suryo No. 886, Padangpanjang 39501, SulTeng",1999-04-30,5433598680345112
Hardana Tri Wasita S.Ked,"Kpg. Rumah Sakit No. 329, Banjarbaru 36969, KalTim",1957-11-20,4716836656698143
Yance Nadine Pratiwi,"Jln. Qrisdoren No. 318, Palembang 81034, KalBar",1996-02-29,4532701060251
Danu Kalim Haryanto S.E.,"Jr. Tangkuban Perahu No. 95, Lhokseumawe 37802, Lampung",1979-09-09,342253232984981
Safina Ana Handayani,"Jr. Adisumarmo No. 682, Tanjungbalai 76138, KalBar",1973-02-28,4024007184523438
Zalindra Hamima Rahimah,"Ki. Baik No. 135, Tebing Tinggi 68718, JaTeng",1994-01-05,5502082480776483
Juli Handayani,"Ki. Bakaru No. 127, Palangka Raya 36107, KalTim",1991-01-31,5291916357489222
Danu Siregar M.Farm,"Jr. Agus Salim No. 770, Tangerang Selatan 94456, Jambi",1971-12-01,6011655523663388
Jamal Wasita,"Kpg. Babadak No. 482, Kupang 77518, JaBar",1984-05-03,5148042192162240
Asman Firgantoro,"Psr. Bahagia No. 517, Bima 48072, DIY",1989-02-05,5286319073379693
Ghani Cawisadi Nainggolan,"Psr. Cokroaminoto No. 70, Kediri 33046, DIY",1957-03-10,4024007187535975
Vega Simanjuntak,"Psr. Padma No. 87, Banjarbaru 63735, Bengkulu",2002-01-03,6011392406470067
Dina Zulaika,"Jr. Soekarno Hatta No. 357, Pontianak 13504, SulSel",1988-05-22,4916605019630
Arsipatra Prasetya S.T.,"Dk. Bayan No. 520, Denpasar 92473, KalSel",1996-11-11,5317189821220439
Alika Oktaviani S.Farm,"Psr. Kebangkitan Nasional No. 351, Kediri 73994, JaTeng",1977-09-15,4916651142515795
Leo Empluk Gunawan S.Pt,"Jr. Adisumarmo No. 984, Tidore Kepulauan 46995, Aceh",1996-01-18,4716911575113
Adinata Sitorus S.I.Kom,"Jr. Halim No. 609, Kupang 52015, Aceh",1987-06-24,4929704445622
Lulut Winarno,"Ds. Gremet No. 908, Surakarta 56670, KalUt",1985-10-26,4556857349254485
Rika Wulandari,"Dk. Achmad No. 275, Manado 88712, SumSel",1998-03-26,4522977903560621
Silvia Novitasari M.Pd,"Ki. Gardujati No. 369, Tanjungbalai 81459, SumSel",1975-03-12,4716545332295
Gandi Prabawa Salahudin S.Farm,"Ki. Banal No. 485, Tomohon 28340, KalUt",1979-01-28,6011029807621175
Viman Sabri Pradana,"Ds. Panjaitan No. 481, Probolinggo 59381, Maluku",1988-01-03,4539193047688
Wardaya Ozy Ramadan M.Ak,"Ds. Pasir Koja No. 961, Tanjung Pinang 36382, Banten",2001-01-31,5545540249529229
Agnes Belinda Agustina,"Psr. Nanas No. 806, Administrasi Jakarta Selatan 15333, Maluku",1998-11-08,4444130707812252
Kani Handayani,"Jln. Soekarno Hatta No. 439, Banjar 66190, SulSel",1990-11-14,5375226395796565
Aisyah Elisa Puspita S.E.,"Ds. Antapani Lama No. 158, Tomohon 36011, Riau",1986-08-11,5124578237184770
Bakda Napitupulu S.Farm,"Ki. Sampangan No. 943, Banjarbaru 63365, Aceh",1976-06-24,4716042681377858
Tri Uda Wahyudin,"Kpg. Bah Jaya No. 582, Mataram 11425, KalTeng",1991-04-05,343299718606449
Silvia Purwanti,"Psr. Gading No. 406, Palangka Raya 81272, SumBar",1973-06-14,5539175347397209
Wage Maryadi,"Kpg. Laksamana No. 900, Kupang 59136, Papua",1961-02-01,5252707339657284
Nurul Ami Suartini S.I.Kom,"Gg. Peta No. 951, Tomohon 31079, KalTeng",1997-06-18,5556879423548928
Bahuwirya Legawa Thamrin,"Jr. Gajah Mada No. 883, Solok 55964, SumUt",1982-08-02,4556986881651
Ihsan Endra Saputra S.Psi,"Kpg. Nanas No. 754, Pontianak 65877, NTT",1994-07-03,5240266831868456
Agnes Kuswandari,"Gg. Umalas No. 261, Kupang 23255, Banten",1995-02-11,4916352758869
Reza Napitupulu,"Psr. Basket No. 20, Dumai 17770, Bali",2002-01-25,4485112594387895
Cakrawangsa Jailani S.T.,"Jln. Gajah No. 232, Sibolga 16808, Papua",1993-09-13,5158524082634088
Natalia Dalima Laksita S.Gz,"Psr. Untung Suropati No. 922, Kupang 14459, KalSel",1961-06-20,5399159412674188
Ratna Susanti,"Ki. Bara No. 307, Makassar 36163, SulTra",1974-07-04,4024007103357
Umar Okta Prasetyo,"Dk. Antapani Lama No. 652, Jambi 38773, JaTim",1985-11-16,5303315859652211
Yani Uyainah,"Jln. Basoka Raya No. 716, Administrasi Jakarta Pusat 41183, NTT",1993-08-01,5179052014653997
Argono Maheswara,"Kpg. Moch. Ramdan No. 240, Padangsidempuan 82606, SulUt",1999-06-19,5123586764384797
Titin Susanti,"Jr. Wahid Hasyim No. 464, Administrasi Jakarta Barat 90025, JaTeng",1990-01-30,376846879792242
Cawisadi Hutapea,"Dk. Basket No. 582, Bukittinggi 79865, SumSel",1971-12-14,4024007161546
Balangga Vinsen Pratama M.Kom.,"Dk. Bayan No. 350, Kotamobagu 38262, MalUt",1966-01-02,4539990556463408
Tri Pangestu,"Dk. Rumah Sakit No. 706, Metro 18977, Riau",1961-10-21,4485528027093356
Salimah Irma Yolanda S.Psi,"Gg. Lada No. 365, Tanjungbalai 89818, JaBar",1965-02-23,6011052701459468
Praba Daryani Wibisono,"Kpg. Siliwangi No. 274, Bontang 95517, Bali",1956-08-19,5484564790278773
Restu Maria Halimah S.H.,"Kpg. Pelajar Pejuang 45 No. 989, Tegal 14699, Bali",1987-06-27,5328020265456485
Vanesa Maryati,"Gg. Salatiga No. 309, Tangerang Selatan 60199, NTT",1983-05-08,5302234137800123
Balijan Upik Waluyo S.IP,"Kpg. Pelajar Pejuang 45 No. 371, Kupang 26483, Papua",1962-04-17,5468898638366899
Artanto Prabowo S.E.,"Ki. Jend. Sudirman No. 148, Padang 10185, NTB",1987-06-10,341856193941708
Dagel Prakasa S.Pt,"Psr. Babah No. 34, Lhokseumawe 37659, JaBar",1993-09-05,4716063920487266
Putri Yuniar,"Gg. Lada No. 832, Magelang 72177, PapBar",1977-08-10,5135721534443062
Irma Sarah Haryanti,"Ds. Radio No. 592, Solok 68900, NTT",1977-01-26,4966978294550976
Tari Yuliarti S.E.I,"Gg. Muwardi No. 704, Batu 51844, KalTeng",1987-05-25,5444129143197085
Zahra Palastri,"Jln. Wahidin No. 769, Tangerang 55997, Aceh",1995-04-30,4485957253767
Umay Firgantoro,"Ki. Juanda No. 14, Surakarta 40484, Maluku",1982-11-01,4024007175449668
Intan Sadina Hartati M.TI.,"Dk. Lembong No. 462, Tanjung Pinang 17157, SulTeng",1993-01-03,5502229481514724
Salimah Agustina S.T.,"Kpg. Banal No. 855, Manado 62128, SulUt",1972-06-12,5111464556026634
Atmaja Adriansyah M.Farm,"Gg. Moch. Toha No. 5, Salatiga 47442, SulTra",1962-10-02,4556663470513
Calista Mulyani M.Ak,"Ds. Haji No. 476, Langsa 67934, NTT",1999-10-20,5477169418783151
Daniswara Endra Natsir S.Psi,"Dk. Bakit  No. 533, Kotamobagu 92599, PapBar",1988-10-10,6011368954532391
Ulva Pudjiastuti,"Gg. Basoka No. 393, Banjarmasin 35686, Banten",1999-01-22,4916204505054
Natalia Oktaviani,"Jr. Bagonwoto  No. 754, Prabumulih 19332, BaBel",1961-12-29,4556020058825702
Rahayu Usamah S.T.,"Gg. Baja No. 945, Pangkal Pinang 54955, SulSel",1963-10-10,4024007185495
Aswani Simon Sihombing M.Pd,"Gg. Supomo No. 399, Langsa 51567, SulBar",1993-10-27,5176645836485473
Labuh Hutapea,"Ki. Banda No. 862, Administrasi Jakarta Barat 79753, Bengkulu",1984-06-26,5134342447276175
Arsipatra Latupono,"Gg. Bawal No. 890, Payakumbuh 35232, KalTeng",1956-01-06,4532546310688677
Gatot Wahyudin,"Dk. Tubagus Ismail No. 596, Sukabumi 97202, Bengkulu",1986-06-12,5214080590505700
Ifa Yolanda S.Gz,"Gg. Jambu No. 852, Banda Aceh 50984, SumSel",1987-01-15,5564037514348852
Zalindra Padmasari,"Ki. Yoga No. 794, Medan 67569, Gorontalo",1988-02-26,6011860740569158
Vicky Kusmawati,"Dk. Arifin No. 660, Bitung 71393, NTB",1971-04-13,5393852807723174
Rahmat Daliono Salahudin,"Jln. Tentara Pelajar No. 726, Lhokseumawe 89883, Lampung",1977-10-16,5277610566166832
Oman Hidayanto,"Ds. Cemara No. 505, Binjai 42801, Gorontalo",1996-11-25,4532442820278
Usyi Cinta Mandasari,"Jr. Bakti No. 890, Ternate 21517, JaBar",1984-01-10,4539860033192971
Citra Lailasari,"Jr. Dago No. 822, Padangpanjang 61295, SulTeng",1991-05-13,5472126763272862
Faizah Hilda Hassanah,"Dk. Yoga No. 609, Administrasi Jakarta Barat 80215, Aceh",2000-02-26,348606433181752
Yuliana Mardhiyah,"Kpg. R.M. Said No. 913, Banjarmasin 68015, SulSel",1991-01-07,5575494800102153
Chandra Nababan S.Ked,"Kpg. Ketandan No. 669, Bontang 62979, SulTeng",1962-11-15,4539530539861821
Ella Laksita S.T.,"Jr. Raden No. 561, Bima 55210, Lampung",1974-03-08,4617990794056
Maya Uyainah,"Jr. Uluwatu No. 380, Medan 47872, Lampung",1955-04-08,4539719351733883
Ratna Sudiati,"Jr. Taman No. 280, Samarinda 89554, SulBar",1981-10-15,4532403539552
Mariadi Hardi Mahendra,"Dk. Mulyadi No. 831, Pontianak 86718, NTT",1988-10-19,5466478819606546
Vivi Lailasari,"Jln. Suprapto No. 308, Pangkal Pinang 46407, Gorontalo",1989-04-10,5178555251892350
Yuni Diah Nasyiah S.E.I,"Jln. Abdul Muis No. 720, Mojokerto 12905, KalTim",1972-09-07,344231538509478
Bella Handayani,"Jln. Soekarno Hatta No. 914, Kupang 14751, JaTim",1973-11-30,4485297333782017
Nadine Nadine Padmasari M.Pd,"Jr. Halim No. 931, Serang 29196, NTB",1995-09-15,5456770744469814
Hilda Aryani,"Ds. Ekonomi No. 114, Batam 28332, Gorontalo",1984-04-26,6011830560838843
Salimah Utami,"Dk. Peta No. 452, Administrasi Jakarta Selatan 37870, KalSel",1982-11-04,5159980242588821
Budi Rajata M.TI.,"Kpg. Suniaraja No. 96, Administrasi Jakarta Barat 14578, Riau",1975-09-07,5353480554492229
Ibrahim Darsirah Irawan,"Jr. Yap Tjwan Bing No. 835, Bontang 24855, JaBar",1965-07-30,4532052132774
Nova Novi Handayani S.E.,"Dk. Urip Sumoharjo No. 444, Administrasi Jakarta Selatan 73234, Aceh",1975-07-12,378734476337389
Gantar Marbun S.Farm,"Ds. Jambu No. 415, Bandung 81852, Gorontalo",1998-03-14,4929263310194190
Puti Queen Mayasari,"Gg. Bakhita No. 152, Administrasi Jakarta Timur 53133, JaBar",1955-12-23,5478740114247144
Nrima Sihombing S.Sos,"Dk. Bara No. 854, Magelang 32569, NTB",1976-09-17,4532513914611992
Murti Thamrin,"Jln. Juanda No. 759, Padangsidempuan 60098, Riau",1999-09-21,4485322658096
Kenzie Mandala,"Dk. W.R. Supratman No. 845, Kendari 51935, Gorontalo",1997-08-23,377208053962829
Cakrabuana Perkasa Wahyudin,"Ki. Bhayangkara No. 43, Kotamobagu 83847, KalTim",1978-06-23,4929886110614
Belinda Widiastuti S.Gz,"Kpg. Veteran No. 987, Bukittinggi 54915, MalUt",1968-07-21,6011301088104308
Hartaka Simbolon,"Jr. Tangkuban Perahu No. 907, Sabang 61088, KalTeng",1989-02-14,5203457185278377
Nugraha Simbolon,"Jln. BKR No. 111, Banjarmasin 81804, MalUt",1960-09-05,4929622572122654
Vanya Humaira Pratiwi S.Ked,"Ki. Diponegoro No. 257, Tarakan 29259, BaBel",1969-05-17,5226977848920498
Cindy Nasyiah M.M.,"Ki. Suharso No. 776, Binjai 96249, DKI",1972-11-12,379637601457106
Nasrullah Sinaga M.Kom.,"Jr. HOS. Cjokroaminoto (Pasirkaliki) No. 711, Jayapura 63440, Aceh",1986-02-11,4929865682096
Wisnu Budiyanto S.Farm,"Gg. Basket No. 404, Bitung 12657, Papua",2002-02-24,4532067592299190
Wani Queen Safitri M.TI.,"Jln. Imam Bonjol No. 23, Kupang 24131, KepR",1985-07-27,5418716918302452
Dinda Pratiwi S.Farm,"Psr. Abdullah No. 793, Probolinggo 45479, Jambi",1959-02-03,5221882016238910
Baktianto Najam Pradana,"Kpg. Gotong Royong No. 275, Subulussalam 49558, Maluku",2001-04-07,5293578878485358
Adiarja Gandi Situmorang,"Kpg. R.M. Said No. 219, Metro 24725, KalUt",1990-08-31,5251313438703847
Narji Kusumo,"Kpg. B.Agam 1 No. 204, Surabaya 89464, Banten",1978-04-07,5459510689941477
Elon Saefullah,"Jln. Ki Hajar Dewantara No. 340, Palu 19761, SumUt",1997-02-05,6011752889308532
Ade Puspa Pratiwi,"Kpg. Cihampelas No. 332, Palembang 54170, KepR",1992-12-10,5538703862481495
Jail Tugiman Halim S.E.I,"Ki. Surapati No. 260, Tual 88354, KalTim",1995-02-27,5333082126457030
Ikhsan Dimas Halim,"Gg. Sudiarto No. 612, Makassar 29818, SumUt",1987-01-17,4024007100478
Kala Bakiman Saefullah,"Gg. Gegerkalong Hilir No. 377, Surakarta 60911, JaBar",1959-08-28,5368760246266013
Galih Ajimat Hardiansyah S.Ked,"Kpg. Achmad Yani No. 907, Jayapura 95728, KepR",1997-11-29,4024007122725285
Lantar Cahyanto Firgantoro S.Pd,"Gg. Padang No. 95, Bima 29731, Riau",1958-01-15,346584855942658
Capa Uwais,"Kpg. Batako No. 470, Bogor 45418, SumBar",1987-03-21,4556872197253
Titi Aisyah Halimah,"Dk. Hang No. 595, Payakumbuh 40535, DIY",1976-06-03,5519206396154995
Kunthara Ganda Uwais S.T.,"Jr. Bagis Utama No. 900, Malang 59064, NTT",1983-08-16,5389455824465070
Safina Pudjiastuti,"Dk. Baung No. 976, Tidore Kepulauan 47579, PapBar",1973-11-09,5142553740563867
Hani Mardhiyah,"Jln. Wahid Hasyim No. 489, Magelang 67522, Papua",1955-09-20,4926063729437005
Genta Titin Uyainah,"Dk. Baranang No. 861, Pangkal Pinang 12210, SumUt",1974-10-06,6011094221940411
Candra Siregar,"Jr. Kyai Mojo No. 123, Sibolga 93567, Bengkulu",2001-07-21,4600421627646817
Himawan Wibisono S.H.,"Gg. B.Agam Dlm No. 992, Sibolga 28982, DIY",1997-04-23,348628259758182
Kezia Febi Agustina S.I.Kom,"Kpg. Siliwangi No. 101, Bukittinggi 87313, KalTim",1960-09-05,4024007122708174
Argono Prakasa,"Ds. Sutoyo No. 153, Tidore Kepulauan 92140, Bengkulu",1982-05-19,4628993923279
Fathonah Wahyuni,"Jr. Bakti No. 515, Pekanbaru 21842, NTB",1970-11-11,5445903750143502
Hilda Tania Nuraini M.TI.,"Gg. Bah Jaya No. 946, Sabang 96218, JaTim",1975-12-08,5434594103782162
Oliva Mandasari S.Ked,"Kpg. Cokroaminoto No. 905, Subulussalam 86902, JaTim",1956-12-09,4716143675327
Mulyanto Mansur,"Ds. Ahmad Dahlan No. 715, Lhokseumawe 82561, Aceh",1992-01-26,5154051974992006
Salman Aswani Zulkarnain,"Gg. Bahagia  No. 508, Surakarta 92883, Maluku",1989-12-13,4916460530333
Kanda Gilang Simbolon,"Kpg. Surapati No. 576, Sabang 61610, Maluku",1962-03-09,4929793869245
Syahrini Yuniar,"Kpg. Pasteur No. 215, Solok 47250, NTB",1987-12-29,5442305738690427
Yani Elvina Padmasari,"Gg. Kebonjati No. 899, Ternate 28154, NTT",1993-06-18,5261859551136387
Putri Lailasari,"Dk. Cokroaminoto No. 512, Administrasi Jakarta Utara 36142, PapBar",1961-07-28,5373610125041412
Nyoman Wibowo,"Ds. Laksamana No. 826, Binjai 65728, KalSel",1957-03-12,4485904156782
Yulia Kartika Pertiwi,"Dk. Suniaraja No. 759, Banjarbaru 79803, Papua",2001-01-29,4916771421941
Darimin Olga Pranowo,"Dk. Baja No. 165, Kotamobagu 24686, KalUt",2001-05-19,5161963666253581
Maya Usada,"Kpg. Yogyakarta No. 528, Metro 10086, KepR",1988-09-25,6011862084215794
Pardi Wacana,"Psr. Bahagia No. 688, Banjar 67008, PapBar",1975-10-08,6011203097573061
Maras Wacana M.M.,"Psr. Cihampelas No. 802, Surakarta 69933, JaTeng",1996-05-05,5135853397459891
Vinsen Jarwa Setiawan M.Kom.,"Jln. Sutami No. 433, Kupang 81906, Jambi",1981-02-16,5256447334629139
Vino Putra,"Ds. Ronggowarsito No. 811, Tebing Tinggi 64242, Jambi",1961-10-21,4916751103550
Danu Irfan Saputra,"Gg. Katamso No. 881, Payakumbuh 43050, Maluku",1991-03-27,6011709916501687
Zelaya Suryatmi,"Gg. Katamso No. 264, Palembang 88211, DIY",1997-08-30,4532980807893
Kartika Prastuti,"Psr. Baranang Siang Indah No. 771, Banda Aceh 85897, KalTeng",1997-09-12,4916984310162
Melinda Hasanah,"Jr. Barasak No. 194, Mojokerto 91547, MalUt",1997-09-13,4929546113404
Calista Lili Lailasari S.E.I,"Jln. Bak Mandi No. 763, Ambon 62126, KalTeng",1970-01-14,4024007198421793
Najam Kusumo S.T.,"Psr. Moch. Toha No. 976, Magelang 47222, PapBar",1998-04-11,5249707076045558
Dacin Prasetyo,"Gg. Baha No. 660, Subulussalam 57452, KalTim",1995-07-31,5105382126779482
Ana Gabriella Handayani S.Pt,"Jr. Abdullah No. 364, Parepare 38259, SulUt",1984-05-24,4916622892411048
Harsana Saadat Saefullah S.Psi,"Kpg. Thamrin No. 229, Bitung 71623, SulTra",1983-11-11,4024007104835
Vero Saputra,"Psr. Industri No. 422, Solok 93963, DIY",1977-12-04,5332036547495798
Capa Ramadan S.Ked,"Ds. Baranang Siang Indah No. 87, Pagar Alam 35499, Bali",1996-07-25,4929627181189
Siti Kamila Hariyah,"Kpg. Imam No. 94, Lubuklinggau 23120, NTB",1975-10-09,5467493702721152
Najwa Farah Mulyani,"Kpg. Villa No. 248, Probolinggo 66121, SulSel",1976-10-05,4716615910045303
Paris Fujiati,"Jr. Bara Tambar No. 696, Palopo 14599, SulBar",1974-07-28,6011049178829231
Panca Narpati M.Pd,"Ds. Cikutra Timur No. 828, Bogor 90367, NTB",1962-11-29,377442395465940
Heru Santoso,"Gg. Pattimura No. 851, Tual 90380, NTB",1957-03-04,4539726621668534
Nurul Mayasari,"Ds. Banceng Pondok No. 663, Balikpapan 50668, SumUt",1987-08-03,5235129800026224
Umaya Pradana,"Psr. Sukabumi No. 844, Langsa 69660, Banten",1964-08-17,5339681074026566
Jaiman Kariman Saputra S.IP,"Ki. Astana Anyar No. 305, Tidore Kepulauan 18908, KalTim",1986-11-19,5502314505151297
Kurnia Taswir Ardianto,"Jr. Tubagus Ismail No. 715, Lhokseumawe 14074, SulTra",1975-09-11,4539468506087
Kasiran Sihombing,"Kpg. Bakau Griya Utama No. 78, Depok 66140, Jambi",1957-08-08,4485212378295429
Gadang Saefullah M.Farm,"Ds. Dipatiukur No. 850, Gunungsitoli 41504, NTB",1993-05-25,4468747985286
Ajiono Hutagalung S.Pd,"Gg. Basoka Raya No. 228, Palangka Raya 48930, BaBel",1993-08-07,5120659792087915
Artawan Jumadi Nugroho,"Gg. Rajawali Timur No. 670, Yogyakarta 50356, SumBar",1965-10-15,5538367122141305
Ridwan Bahuraksa Pradipta,"Kpg. Moch. Yamin No. 412, Medan 63014, Aceh",1970-09-10,5288749482812785
Tugiman Saputra,"Jr. Gajah Mada No. 31, Tasikmalaya 94228, KalTeng",1980-05-08,5131734194076837
Uli Kuswandari,"Psr. Sumpah Pemuda No. 779, Administrasi Jakarta Barat 56553, SulTra",1958-07-26,5435093549051778
Erik Hutasoit,"Ki. Rumah Sakit No. 810, Balikpapan 47149, Jambi",1955-08-30,4716760483092041
Ella Farida,"Jln. Dipatiukur No. 492, Bukittinggi 22167, SulUt",1965-07-21,4532935171909365
Ade Padmi Agustina S.H.,"Psr. Barasak No. 761, Jayapura 22955, Jambi",1956-01-11,5264103719240865
Gamblang Nugroho,"Jr. Krakatau No. 117, Binjai 13762, Lampung",1969-01-03,5226983737336911
Ami Padmasari,"Jln. Raden No. 403, Tidore Kepulauan 97141, Jambi",1962-06-14,5393662822589611
Putri Laksita,"Psr. B.Agam 1 No. 264, Pekalongan 76511, JaTim",1981-06-12,5299700087436477
Kairav Januar M.Pd,"Gg. Jakarta No. 955, Tebing Tinggi 49484, SulUt",1969-08-17,4716805960736006
Laksana Dadi Manullang,"Jln. Bagas Pati No. 337, Kediri 82446, SulUt",1984-11-14,4539761392682281
Abyasa Waskita S.IP,"Ds. Basuki No. 458, Denpasar 45710, NTB",1971-09-24,5419718694832073
Emong Simbolon,"Ki. Kalimalang No. 551, Mataram 43587, SulTeng",1996-12-22,5352236365960973
Abyasa Kunthara Dabukke,"Jr. Villa No. 563, Tomohon 47840, JaTeng",1984-09-06,4556659259992165
Talia Handayani,"Kpg. Sutoyo No. 243, Pontianak 72489, Bengkulu",1991-12-21,5128072417017386
Dinda Maryati,"Jr. Cikapayang No. 568, Pematangsiantar 13834, Riau",1998-05-11,346982050064650
Sakura Fujiati S.Pt,"Dk. Bata Putih No. 527, Mojokerto 54365, JaTim",1955-02-26,5305798301585956
Rachel Wastuti,"Ds. Flora No. 396, Tebing Tinggi 10346, SulTeng",1997-02-08,4929905556292
Caket Wibisono,"Jln. Bappenas No. 444, Administrasi Jakarta Barat 62631, KalBar",1971-09-01,5556918890193394
Tasnim Budiyanto,"Jln. Suryo Pranoto No. 758, Manado 81636, Banten",1959-10-22,4024007117668995
Enteng Firgantoro S.IP,"Psr. Reksoninten No. 312, Makassar 79139, SulUt",1990-03-05,5117516082967237
Cahyo Firmansyah,"Jln. Salatiga No. 920, Sukabumi 49649, Lampung",1959-10-05,4024007191200640
Tami Lestari,"Ds. Sugiono No. 664, Ternate 16957, PapBar",1977-07-22,6011696895695871
Maria Permata,"Ki. Thamrin No. 735, Cirebon 16486, JaTim",1989-12-19,377308414378226
Hani Bella Yuniar,"Ki. PHH. Mustofa No. 812, Pekanbaru 10022, JaBar",1988-08-22,5176445433657719
Icha Pudjiastuti,"Psr. Babah No. 622, Pontianak 77301, KalSel",1986-02-03,4916915798642
Dian Maya Nasyiah M.Kom.,"Jr. Bakaru No. 324, Pagar Alam 33653, NTB",1980-11-27,346185622826818
Mursita Gunarto,"Ds. Fajar No. 180, Kotamobagu 56390, Bali",1969-01-01,4556225737103237
Kemal Mulyono Pratama,"Ki. Yos Sudarso No. 985, Kupang 77906, Aceh",1982-02-02,5312131794302989
Bella Wahyuni S.Pt,"Psr. Achmad Yani No. 694, Mataram 99563, SumBar",1992-02-23,4929423388083739
Lembah Saragih S.Ked,"Ds. Rumah Sakit No. 519, Pontianak 96106, SulTeng",1957-06-10,349447840348141
Devi Anggraini,"Ki. Wahid No. 363, Parepare 62095, DKI",1999-06-17,4989155137160320
Ani Kani Nasyidah M.Farm,"Dk. Baung No. 613, Pangkal Pinang 61154, SumUt",1981-10-16,4916775109989
Jaswadi Narpati,"Jr. Sutan Syahrir No. 450, Salatiga 37745, SulSel",1987-03-13,5139962428483725
Puti Laksmiwati,"Dk. Bambu No. 65, Kendari 92577, SumSel",1977-09-01,5561942610453246
Eja Sidiq Mandala M.Kom.,"Jln. Hasanuddin No. 312, Ternate 21702, Jambi",2000-02-04,4024007105998
Ratna Wastuti M.Pd,"Ki. Achmad No. 857, Bitung 12933, KalSel",2001-11-10,5279031907978397
Umar Lasmanto Adriansyah,"Gg. Adisumarmo No. 47, Samarinda 81678, SumBar",1976-12-09,5326843356763168
Margana Heryanto Kusumo M.Pd,"Jln. Abdul No. 139, Prabumulih 49586, Riau",1995-01-23,5322673585268695
Dian Agustina,"Jr. Supono No. 166, Tual 88244, SulTeng",1994-07-14,375637742511138
Qori Lestari S.Sos,"Ds. Kyai Mojo No. 207, Kotamobagu 18862, JaBar",1956-11-18,4024007108448
Reksa Sihotang,"Jr. Suryo Pranoto No. 662, Mataram 51060, Bengkulu",1977-10-07,4485823120828927
Limar Maulana,"Ds. Tangkuban Perahu No. 336, Kendari 65595, Gorontalo",1962-12-11,5205880020428766
Gaduh Hakim,"Dk. Halim No. 523, Kendari 44131, DIY",2001-09-07,5111937172676205
Prayogo Najmudin,"Jln. Ahmad Dahlan No. 90, Bengkulu 44479, Riau",1978-07-30,5528196733336570
Emas Elon Hidayat,"Jr. Antapani Lama No. 355, Bekasi 23213, Riau",1978-08-18,4929203102955
Shania Maya Nasyiah,"Jr. Karel S. Tubun No. 656, Jambi 87872, KalTim",1985-12-08,4916805176053244
Carla Usada,"Gg. K.H. Wahid Hasyim (Kopo) No. 816, Metro 75056, DKI",1970-07-26,5195921082613564
Winda Mardhiyah,"Jr. Industri No. 548, Bekasi 42966, SulUt",1980-03-17,5519346598975746
Ami Latika Yuliarti S.E.I,"Ki. Asia Afrika No. 200, Denpasar 67064, PapBar",1964-11-03,5137282171937211
Caraka Pratama,"Kpg. Haji No. 174, Palopo 65007, PapBar",1985-03-24,4485013729953702
Rika Laksita S.Pt,"Gg. Flores No. 793, Bogor 33074, SulTra",1958-06-05,4929880163172666
Latif Sihombing M.TI.,"Psr. Teuku Umar No. 948, Palangka Raya 96202, SumSel",1966-05-11,6011421549677534
Ida Laras Maryati,"Kpg. Fajar No. 848, Padangsidempuan 17475, BaBel",1991-08-14,5503730240116668
Tugiman Dasa Tamba S.Psi,"Psr. Agus Salim No. 526, Bogor 59558, SumUt",1979-01-06,4532242785902427
Darmaji Pradipta,"Kpg. Kali No. 198, Pangkal Pinang 55151, SulBar",1996-01-24,5114494360987389
Alika Zulaika,"Ds. Sunaryo No. 674, Samarinda 52564, JaTim",1956-11-05,4916858108189
Jaga Waluyo,"Ki. R.E. Martadinata No. 221, Makassar 70569, KalBar",1985-10-15,5539523283463107
Amelia Oliva Yulianti S.Kom,"Kpg. Nanas No. 629, Batam 12143, Gorontalo",1997-06-17,4024007157025601
Kasusra Rajasa,"Ki. Wahid Hasyim No. 919, Administrasi Jakarta Utara 17097, KalSel",1968-04-05,6011741759125696
Cakrawangsa Taufan Sitompul,"Kpg. Achmad Yani No. 273, Pontianak 51654, BaBel",1984-10-03,4532468563513280
Mutia Puspita,"Psr. Cokroaminoto No. 130, Lubuklinggau 65601, Aceh",1972-01-29,4556644244958240
Kamaria Puput Laksmiwati,"Kpg. Babadak No. 767, Solok 41006, Banten",1978-10-25,371367789781097
Qori Pudjiastuti,"Jln. Juanda No. 475, Bengkulu 76816, SumSel",1998-06-09,4532949318636
Artawan Nasab Widodo S.Pt,"Psr. Hang No. 966, Manado 77514, Maluku",1964-04-12,5302678214342013
Yono Muni Wasita,"Gg. Gedebage Selatan No. 762, Tual 95285, Bali",1959-11-25,5427858216151873
Yani Amelia Mandasari S.Pt,"Kpg. Untung Suropati No. 722, Pariaman 69463, Lampung",1992-07-14,4929364494736432
Ika Unjani Puspasari M.Kom.,"Jr. Otto No. 757, Ambon 93035, SumBar",1991-02-25,372497000248300
Martana Ihsan Saptono S.Pt,"Ds. Basmol Raya No. 634, Sungai Penuh 36520, SulSel",1993-08-31,5120492984530264
Restu Ellis Uyainah,"Gg. Basket No. 66, Pekalongan 94958, KalSel",1956-04-01,4251116304283
Irsad Samsul Marpaung S.I.Kom,"Dk. Lada No. 280, Sungai Penuh 10640, NTB",1963-04-25,5326904234823390
Dewi Utami S.Pt,"Ds. K.H. Wahid Hasyim (Kopo) No. 472, Jambi 75481, KalTeng",1961-01-06,5515038831113771