,entity,category
0,Mutia Maryati,name
1,Padmi Susanti M.Farm,name
2,Karen Ayu Nuraini,name
3,Bagus Pangestu S.E.,name
4,Violet Halimah,name
5,Samsul Sihombing,name
6,Hendri Mandala,name
7,Zizi Zulaika,name
8,Wardi Setiawan,name
9,Hamzah Kasusra Saragih,name
10,Cinthia Pudjiastuti,name
11,Padmi Siska Nurdiyanti,name
12,Uli Halimah,name
13,Puput Pudjiastuti,name
14,Laswi Prabowo,name
15,Kamaria Hani Padmasari,name
16,Raharja Margana Prasetya,name
17,Prima Hardiansyah,name
18,Bahuraksa Nasab Hidayat S.Farm,name
19,Diana Hariyah,name
20,Prayogo Marpaung,name
21,Warsa Daliono Hidayat,name
22,Ciaobella Yuniar,name
23,Ganep Iswahyudi,name
24,Wira Ajimat Utama,name
25,Ajiman Hasan Dabukke S.T.,name
26,Padmi Safitri,name
27,Chelsea Lestari M.Ak,name
28,Lintang Agustina S.E.I,name
29,Dina Rini Rahimah S.T.,name
30,Budi Ibun Rajata,name
31,Uchita Aryani S.Gz,name
32,Setya Suryono,name
33,Nasim Pradipta,name
34,Prayogo Tirtayasa Irawan S.Pd,name
35,Bakti Lazuardi,name
36,Kayla Ajeng Mandasari S.H.,name
37,Marsudi Utama,name
38,Nilam Safitri S.Ked,name
39,Humaira Yuniar,name
40,Hilda Pratiwi,name
41,Wasis Baktiadi Wasita,name
42,Warsa Hakim,name
43,Salwa Oliva Prastuti S.T.,name
44,Caraka Adiarja Ardianto,name
45,Galang Prakasa S.Gz,name
46,Kenari Rajasa,name
47,Opung Januar,name
48,Uchita Astuti,name
49,Damu Garda Thamrin,name
50,Laswi Tamba S.E.,name
51,Emin Endra Hakim S.E.I,name
52,Asirwada Jamil Maheswara M.Ak,name
53,Bakti Eka Haryanto M.M.,name
54,Elma Puspasari,name
55,Kenzie Dartono Januar,name
56,Lulut Dirja Wibowo,name
57,Lidya Yance Kusmawati,name
58,Salman Prabowo,name
59,Prasetyo Lazuardi,name
60,Ilsa Anggraini,name
61,Luthfi Ozy Ramadan S.H.,name
62,Syahrini Wastuti,name
63,Xanana Sihotang,name
64,Puti Wastuti,name
65,Garda Cakrabirawa Hardiansyah,name
66,Adika Rafi Hidayanto M.TI.,name
67,Cawisono Kusuma Mustofa S.IP,name
68,Hartaka Manullang,name
69,Bancar Maheswara S.I.Kom,name
70,Oni Melani M.Pd,name
71,Elvin Adriansyah,name
72,Ulya Yuliarti,name
73,Balamantri Marbun M.M.,name
74,Rahayu Eka Rahayu,name
75,Hafshah Halimah,name
76,Laila Safina Sudiati S.Kom,name
77,Heru Najmudin,name
78,Halim Budiyanto S.T.,name
79,Himawan Salahudin,name
80,Ira Winarsih,name
81,Sari Violet Halimah M.Pd,name
82,Teguh Tampubolon,name
83,Kani Zalindra Hassanah S.Kom,name
84,Nova Lailasari,name
85,Emas Prasetyo,name
86,Rahman Irwan Sirait,name
87,Tami Yuliarti S.Ked,name
88,Ami Wahyuni,name
89,Samiah Pertiwi,name
90,Bagus Megantara,name
91,Nadia Maryati,name
92,Jamil Habibi,name
93,Eka Pangestu,name
94,Lili Pertiwi,name
95,Kanda Wijaya,name
96,Genta Haryanti,name
97,Ade Tania Laksmiwati,name
98,Ajeng Belinda Purwanti S.Kom,name
99,Virman Kardi Hutapea S.Farm,name
100,Lanang Megantara S.I.Kom,name
101,Ulya Agnes Wijayanti,name
102,Panji Uwais,name
103,Purwanto Firgantoro,name
104,Rahmi Aurora Mandasari,name
105,Cahyo Danu Rajata,name
106,Pardi Prayoga M.Pd,name
107,Panji Estiono Putra,name
108,Jamil Paiman Mandala M.Ak,name
109,Laras Namaga,name
110,Ellis Diana Novitasari,name
111,Umi Agnes Aryani S.I.Kom,name
112,Eka Kania Kusmawati,name
113,Padmi Cinta Fujiati S.Psi,name
114,Marsito Situmorang M.Ak,name
115,Muhammad Najam Nainggolan,name
116,Banawi Lukman Tarihoran,name
117,Naradi Rizki Jailani,name
118,Pangeran Wasita,name
119,Laras Mandasari S.H.,name
120,Icha Rini Nuraini,name
121,Emin Prasetya,name
122,Ifa Michelle Andriani,name
123,Karsa Saputra,name
124,Cengkir Iswahyudi,name
125,Pandu Widodo,name
126,Asmianto Digdaya Nashiruddin,name
127,Wulan Lailasari,name
128,Marsudi Prasasta,name
129,Rahmat Siregar,name
130,Paris Maryati,name
131,Zamira Yulianti S.Ked,name
132,Bambang Simanjuntak S.H.,name
133,Vivi Citra Safitri,name
134,Kunthara Wahyudin,name
135,Icha Wijayanti S.Pt,name
136,Tami Melani,name
137,Hasta Irawan,name
138,Garda Tamba S.E.,name
139,Ina Yessi Hartati,name
140,Aditya Atma Adriansyah,name
141,Aurora Haryanti S.Sos,name
142,Hardi Praba Firgantoro M.Farm,name
143,Kusuma Samosir,name
144,Viktor Mangunsong,name
145,Wakiman Gunarto,name
146,Cinta Hariyah S.Farm,name
147,Hendra Edward Waluyo,name
148,Jaeman Budiman,name
149,Margana Argono Putra S.E.I,name
150,Gaiman Raihan Nainggolan M.Kom.,name
151,Ilsa Novitasari M.Pd,name
152,Zulfa Rahayu,name
153,Fitriani Safitri S.I.Kom,name
154,Nadia Fujiati,name
155,Nugraha Damanik,name
156,Nasab Wadi Wacana,name
157,Hafshah Suryatmi,name
158,Jane Nuraini,name
159,Adhiarja Firmansyah,name
160,Ophelia Rahayu,name
161,Balapati Slamet Sinaga M.M.,name
162,Victoria Tania Nasyiah,name
163,Kiandra Anggraini S.Gz,name
164,Jarwi Sitorus,name
165,Wani Titi Astuti S.E.,name
166,Rizki Rizki Suryono,name
167,Clara Olivia Usada,name
168,Zizi Oktaviani,name
169,Raisa Prastuti,name
170,Karya Siregar,name
171,Gabriella Novitasari,name
172,Zelda Lidya Usada,name
173,Paramita Halimah,name
174,Ani Gilda Nasyidah,name
175,Hamzah Sihombing,name
176,Hani Sudiati S.Pd,name
177,Abyasa Wakiman Wibowo S.I.Kom,name
178,Dian Astuti S.Psi,name
179,Maida Zulaikha Andriani,name
180,Carla Azalea Suryatmi S.Pt,name
181,Rachel Faizah Pudjiastuti,name
182,Icha Purnawati,name
183,Asirwada Nashiruddin,name
184,Jarwa Cengkir Suwarno S.Pd,name
185,Puti Hariyah M.Pd,name
186,Candra Samosir,name
187,Zelda Widiastuti,name
188,Vino Maulana,name
189,Maya Purwanti,name
190,Tina Pudjiastuti S.Gz,name
191,Mitra Pradipta M.TI.,name
192,Ade Novitasari,name
193,Bagus Garan Pradana,name
194,Cawisono Saptono,name
195,Ida Andriani,name
196,Betania Yulianti,name
197,Praba Dongoran,name
198,Karen Purnawati,name
199,Vivi Hana Uyainah S.Farm,name
200,Slamet Radika Ardianto S.T.,name
201,Winda Rahmi Usamah,name
202,Jane Yulianti,name
203,Amelia Yolanda,name
204,Maimunah Rini Yulianti S.T.,name
205,Kuncara Utama Sitompul,name
206,Ulva Namaga,name
207,Kenari Tamba,name
208,Bakiadi Setya Waluyo S.T.,name
209,Irma Kuswandari,name
210,Yani Paulin Susanti,name
211,Prayoga Pradana,name
212,Praba Radika Januar,name
213,Pranata Salahudin,name
214,Jinawi Sirait S.T.,name
215,Ade Laksmiwati M.M.,name
216,Johan Widodo M.M.,name
217,Rama Salahudin M.Farm,name
218,Rini Lailasari S.Psi,name
219,Kiandra Yulianti S.T.,name
220,Karman Jaswadi Rajasa,name
221,Juli Mila Mayasari S.Sos,name
222,Gasti Wahyuni,name
223,Vera Suryatmi,name
224,Chandra Hutagalung,name
225,Cindy Utami M.TI.,name
226,Eja Pranowo,name
227,Nadine Nasyidah S.E.I,name
228,Eka Hassanah M.TI.,name
229,Paiman Prasetya,name
230,Dipa Jaka Napitupulu,name
231,Sarah Paramita Kusmawati,name
232,Yani Nuraini,name
233,Perkasa Siregar M.TI.,name
234,Jaswadi Rajasa,name
235,Zaenab Padmi Puspita,name
236,Paris Fitriani Suartini,name
237,Drajat Dabukke M.Ak,name
238,Cici Wulandari,name
239,Diana Hasanah,name
240,Faizah Vicky Riyanti S.Gz,name
241,Soleh Tamba S.Sos,name
242,Praba Budiyanto M.TI.,name
243,Ian Santoso,name
244,Chelsea Wijayanti,name
245,Saka Santoso S.Farm,name
246,Hamima Laksita,name
247,Embuh Hasta Waskita,name
248,Sakura Utami S.Psi,name
249,Kartika Uli Astuti,name
250,Hardana Tri Wasita S.Ked,name
251,Yance Nadine Pratiwi,name
252,Danu Kalim Haryanto S.E.,name
253,Safina Ana Handayani,name
254,Zalindra Hamima Rahimah,name
255,Juli Handayani,name
256,Danu Siregar M.Farm,name
257,Jamal Wasita,name
258,Asman Firgantoro,name
259,Ghani Cawisadi Nainggolan,name
260,Vega Simanjuntak,name
261,Dina Zulaika,name
262,Arsipatra Prasetya S.T.,name
263,Alika Oktaviani S.Farm,name
264,Leo Empluk Gunawan S.Pt,name
265,Adinata Sitorus S.I.Kom,name
266,Lulut Winarno,name
267,Rika Wulandari,name
268,Silvia Novitasari M.Pd,name
269,Gandi Prabawa Salahudin S.Farm,name
270,Viman Sabri Pradana,name
271,Wardaya Ozy Ramadan M.Ak,name
272,Agnes Belinda Agustina,name
273,Kani Handayani,name
274,Aisyah Elisa Puspita S.E.,name
275,Bakda Napitupulu S.Farm,name
276,Tri Uda Wahyudin,name
277,Silvia Purwanti,name
278,Wage Maryadi,name
279,Nurul Ami Suartini S.I.Kom,name
280,Bahuwirya Legawa Thamrin,name
281,Ihsan Endra Saputra S.Psi,name
282,Agnes Kuswandari,name
283,Reza Napitupulu,name
284,Cakrawangsa Jailani S.T.,name
285,Natalia Dalima Laksita S.Gz,name
286,Ratna Susanti,name
287,Umar Okta Prasetyo,name
288,Yani Uyainah,name
289,Argono Maheswara,name
290,Titin Susanti,name
291,Cawisadi Hutapea,name
292,Balangga Vinsen Pratama M.Kom.,name
293,Tri Pangestu,name
294,Salimah Irma Yolanda S.Psi,name
295,Praba Daryani Wibisono,name
296,Restu Maria Halimah S.H.,name
297,Vanesa Maryati,name
298,Balijan Upik Waluyo S.IP,name
299,Artanto Prabowo S.E.,name
300,Dagel Prakasa S.Pt,name
301,Putri Yuniar,name
302,Irma Sarah Haryanti,name
303,Tari Yuliarti S.E.I,name
304,Zahra Palastri,name
305,Umay Firgantoro,name
306,Intan Sadina Hartati M.TI.,name
307,Salimah Agustina S.T.,name
308,Atmaja Adriansyah M.Farm,name
309,Calista Mulyani M.Ak,name
310,Daniswara Endra Natsir S.Psi,name
311,Ulva Pudjiastuti,name
312,Natalia Oktaviani,name
313,Rahayu Usamah S.T.,name
314,Aswani Simon Sihombing M.Pd,name
315,Labuh Hutapea,name
316,Arsipatra Latupono,name
317,Gatot Wahyudin,name
318,Ifa Yolanda S.Gz,name
319,Zalindra Padmasari,name
320,Vicky Kusmawati,name
321,Rahmat Daliono Salahudin,name
322,Oman Hidayanto,name
323,Usyi Cinta Mandasari,name
324,Citra Lailasari,name
325,Faizah Hilda Hassanah,name
326,Yuliana Mardhiyah,name
327,Chandra Nababan S.Ked,name
328,Ella Laksita S.T.,name
329,Maya Uyainah,name
330,Ratna Sudiati,name
331,Mariadi Hardi Mahendra,name
332,Vivi Lailasari,name
333,Yuni Diah Nasyiah S.E.I,name
334,Bella Handayani,name
335,Nadine Nadine Padmasari M.Pd,name
336,Hilda Aryani,name
337,Salimah Utami,name
338,Budi Rajata M.TI.,name
339,Ibrahim Darsirah Irawan,name
340,Nova Novi Handayani S.E.,name
341,Gantar Marbun S.Farm,name
342,Puti Queen Mayasari,name
343,Nrima Sihombing S.Sos,name
344,Murti Thamrin,name
345,Kenzie Mandala,name
346,Cakrabuana Perkasa Wahyudin,name
347,Belinda Widiastuti S.Gz,name
348,Hartaka Simbolon,name
349,Nugraha Simbolon,name
350,Vanya Humaira Pratiwi S.Ked,name
351,Cindy Nasyiah M.M.,name
352,Nasrullah Sinaga M.Kom.,name
353,Wisnu Budiyanto S.Farm,name
354,Wani Queen Safitri M.TI.,name
355,Dinda Pratiwi S.Farm,name
356,Baktianto Najam Pradana,name
357,Adiarja Gandi Situmorang,name
358,Narji Kusumo,name
359,Elon Saefullah,name
360,Ade Puspa Pratiwi,name
361,Jail Tugiman Halim S.E.I,name
362,Ikhsan Dimas Halim,name
363,Kala Bakiman Saefullah,name
364,Galih Ajimat Hardiansyah S.Ked,name
365,Lantar Cahyanto Firgantoro S.Pd,name
366,Capa Uwais,name
367,Titi Aisyah Halimah,name
368,Kunthara Ganda Uwais S.T.,name
369,Safina Pudjiastuti,name
370,Hani Mardhiyah,name
371,Genta Titin Uyainah,name
372,Candra Siregar,name
373,Himawan Wibisono S.H.,name
374,Kezia Febi Agustina S.I.Kom,name
375,Argono Prakasa,name
376,Fathonah Wahyuni,name
377,Hilda Tania Nuraini M.TI.,name
378,Oliva Mandasari S.Ked,name
379,Mulyanto Mansur,name
380,Salman Aswani Zulkarnain,name
381,Kanda Gilang Simbolon,name
382,Syahrini Yuniar,name
383,Yani Elvina Padmasari,name
384,Putri Lailasari,name
385,Nyoman Wibowo,name
386,Yulia Kartika Pertiwi,name
387,Darimin Olga Pranowo,name
388,Maya Usada,name
389,Pardi Wacana,name
390,Maras Wacana M.M.,name
391,Vinsen Jarwa Setiawan M.Kom.,name
392,Vino Putra,name
393,Danu Irfan Saputra,name
394,Zelaya Suryatmi,name
395,Kartika Prastuti,name
396,Melinda Hasanah,name
397,Calista Lili Lailasari S.E.I,name
398,Najam Kusumo S.T.,name
399,Dacin Prasetyo,name
400,Ana Gabriella Handayani S.Pt,name
401,Harsana Saadat Saefullah S.Psi,name
402,Vero Saputra,name
403,Capa Ramadan S.Ked,name
404,Siti Kamila Hariyah,name
405,Najwa Farah Mulyani,name
406,Paris Fujiati,name
407,Panca Narpati M.Pd,name
408,Heru Santoso,name
409,Nurul Mayasari,name
410,Umaya Pradana,name
411,Jaiman Kariman Saputra S.IP,name
412,Kurnia Taswir Ardianto,name
413,Kasiran Sihombing,name
414,Gadang Saefullah M.Farm,name
415,Ajiono Hutagalung S.Pd,name
416,Artawan Jumadi Nugroho,name
417,Ridwan Bahuraksa Pradipta,name
418,Tugiman Saputra,name
419,Uli Kuswandari,name
420,Erik Hutasoit,name
421,Ella Farida,name
422,Ade Padmi Agustina S.H.,name
423,Gamblang Nugroho,name
424,Ami Padmasari,name
425,Putri Laksita,name
426,Kairav Januar M.Pd,name
427,Laksana Dadi Manullang,name
428,Abyasa Waskita S.IP,name
429,Emong Simbolon,name
430,Abyasa Kunthara Dabukke,name
431,Talia Handayani,name
432,Dinda Maryati,name
433,Sakura Fujiati S.Pt,name
434,Rachel Wastuti,name
435,Caket Wibisono,name
436,Tasnim Budiyanto,name
437,Enteng Firgantoro S.IP,name
438,Cahyo Firmansyah,name
439,Tami Lestari,name
440,Maria Permata,name
441,Hani Bella Yuniar,name
442,Icha Pudjiastuti,name
443,Dian Maya Nasyiah M.Kom.,name
444,Mursita Gunarto,name
445,Kemal Mulyono Pratama,name
446,Bella Wahyuni S.Pt,name
447,Lembah Saragih S.Ked,name
448,Devi Anggraini,name
449,Ani Kani Nasyidah M.Farm,name
450,Jaswadi Narpati,name
451,Puti Laksmiwati,name
452,Eja Sidiq Mandala M.Kom.,name
453,Ratna Wastuti M.Pd,name
454,Umar Lasmanto Adriansyah,name
455,Margana Heryanto Kusumo M.Pd,name
456,Dian Agustina,name
457,Qori Lestari S.Sos,name
458,Reksa Sihotang,name
459,Limar Maulana,name
460,Gaduh Hakim,name
461,Prayogo Najmudin,name
462,Emas Elon Hidayat,name
463,Shania Maya Nasyiah,name
464,Carla Usada,name
465,Winda Mardhiyah,name
466,Ami Latika Yuliarti S.E.I,name
467,Caraka Pratama,name
468,Rika Laksita S.Pt,name
469,Latif Sihombing M.TI.,name
470,Ida Laras Maryati,name
471,Tugiman Dasa Tamba S.Psi,name
472,Darmaji Pradipta,name
473,Alika Zulaika,name
474,Jaga Waluyo,name
475,Amelia Oliva Yulianti S.Kom,name
476,Kasusra Rajasa,name
477,Cakrawangsa Taufan Sitompul,name
478,Mutia Puspita,name
479,Kamaria Puput Laksmiwati,name
480,Qori Pudjiastuti,name
481,Artawan Nasab Widodo S.Pt,name
482,Yono Muni Wasita,name
483,Yani Amelia Mandasari S.Pt,name
484,Ika Unjani Puspasari M.Kom.,name
485,Martana Ihsan Saptono S.Pt,name
486,Restu Ellis Uyainah,name
487,Irsad Samsul Marpaung S.I.Kom,name
488,Dewi Utami S.Pt,name
0,Konawe Utara 02-11-1969,ttl
1,Wajo 19-10-2000,ttl
2,Surakarta 29-11-1976,ttl
3,Magetan 17-11-1976,ttl
4,Pesisir Barat 05-07-1971,ttl
5,Kupang 25-11-1962,ttl
6,Gunung Mas 29-09-1964,ttl
7,Lamandau 20-01-1994,ttl
8,Dogiyai 29-08-1988,ttl
9,Tidore Kepulauan 11-03-1989,ttl
10,Ngada 15-01-1989,ttl
11,Gunung Kidul 26-02-1984,ttl
12,Samarinda 19-11-1995,ttl
13,Pemalang 23-02-1966,ttl
14,Binjai 01-06-1992,ttl
15,Bangli 04-10-1969,ttl
16,Empat Lawang 09-10-1968,ttl
17,Gresik 11-12-1973,ttl
18,Sorong Selatan 03-05-1987,ttl
19,Tana Tidung 04-05-1994,ttl
20,Soppeng 03-11-1972,ttl
21,Pringsewu 02-05-1980,ttl
22,Nabire 10-07-1999,ttl
23,Kulon Progo 23-04-1973,ttl
24,Sragen 08-04-1973,ttl
25,Karawang 18-10-1982,ttl
26,Yalimo 12-03-1983,ttl
27,Tebing Tinggi 09-03-1989,ttl
28,Kendal 18-03-1961,ttl
29,Bireuen 22-04-1994,ttl
30,Kaimana 18-06-1990,ttl
31,Bogor 11-10-1989,ttl
32,Salatiga 20-05-1960,ttl
33,Dairi 05-02-1997,ttl
34,Tasikmalaya 25-03-1958,ttl
35,Kediri 17-01-1959,ttl
36,Surabaya 07-04-1990,ttl
37,Seram Bagian Barat 30-05-1956,ttl
38,Agam 19-03-1998,ttl
39,Humbang Hasundutan 01-01-1981,ttl
40,Wonogiri 05-02-1966,ttl
41,Empat Lawang 12-11-2000,ttl
42,Tarakan 30-12-1970,ttl
43,Jayapura 21-08-1976,ttl
44,Timor Tengah Utara 10-11-1965,ttl
45,Banjarmasin 08-05-1984,ttl
46,Dompu 09-05-1968,ttl
47,Tidore Kepulauan 10-11-1999,ttl
48,Mamuju Utara 25-09-1989,ttl
49,Dompu 06-09-1965,ttl
50,Bogor 22-03-1997,ttl
51,Kotamobagu 25-11-1997,ttl
52,Malinau 08-12-1961,ttl
53,Kuningan 11-11-1988,ttl
54,Labuhan Batu Utara 21-04-1962,ttl
55,Kuantan Singingi 14-12-1955,ttl
56,Muara Enim 18-01-1993,ttl
57,Lembata 07-12-1985,ttl
58,Serdang Bedagai 09-03-1976,ttl
59,Kepulauan Mentawai 04-08-1982,ttl
60,Kepulauan Seribu 11-01-1979,ttl
61,Banjar Baru 28-11-1976,ttl
62,Hulu Sungai Tengah 10-10-1965,ttl
63,Semarang 02-10-1993,ttl
64,Halmahera Tengah 23-03-1976,ttl
65,Sinjai 03-02-1971,ttl
66,Tanjung Jabung Timur 23-05-1992,ttl
67,Manggarai Barat 15-04-1963,ttl
68,Yogyakarta 10-02-1985,ttl
69,Tojo Una-una 28-11-1984,ttl
70,Ciamis 16-03-1969,ttl
71,Palopo 18-05-1961,ttl
72,Lembata 30-01-1956,ttl
73,Pringsewu 15-02-1995,ttl
74,Tanjung Pinang 31-10-1982,ttl
75,Tanah Datar 20-11-1981,ttl
76,Parepare 31-12-1992,ttl
77,Temanggung 01-08-1959,ttl
78,Ponorogo 29-04-1996,ttl
79,Pringsewu 02-11-1980,ttl
80,Bandar Lampung 20-03-1961,ttl
81,Pasuruan 25-05-1963,ttl
82,Lingga 06-11-1987,ttl
83,Tanjung Pinang 17-11-1969,ttl
84,Manado 20-11-1971,ttl
85,Sidoarjo 06-11-1985,ttl
86,Sigi 21-10-1993,ttl
87,Hulu Sungai Tengah 07-07-1963,ttl
88,Subulussalam 24-10-1997,ttl
89,Aceh Jaya 31-10-1960,ttl
90,Sibolga 22-04-1968,ttl
91,Karawang 14-11-2000,ttl
92,Tidore Kepulauan 01-03-1993,ttl
93,Pekanbaru 25-12-1997,ttl
94,Pagar Alam 14-10-1968,ttl
95,Sumba Timur 16-07-1989,ttl
96,Tanggamus 09-06-1955,ttl
97,Samosir 24-03-1969,ttl
98,Bukittinggi 13-07-1982,ttl
99,Wonogiri 14-03-1972,ttl
100,Lumajang 17-03-1962,ttl
101,Medan 28-11-1984,ttl
102,Kutai Barat 05-06-2001,ttl
103,Tebo 24-06-1958,ttl
104,Wajo 31-01-1982,ttl
105,Flores Timur 16-04-1980,ttl
106,Sumba Barat Daya 28-10-1990,ttl
107,Minahasa 06-11-2000,ttl
108,Nias Selatan 10-04-1959,ttl
109,Soppeng 09-06-1957,ttl
110,Poso 06-05-1961,ttl
111,Kutai Barat 27-09-1978,ttl
112,Tojo Una-una 03-12-1981,ttl
113,Nunukan 02-12-1994,ttl
114,Agam 13-12-1972,ttl
115,Nganjuk 28-02-1961,ttl
116,Pekalongan 23-08-1967,ttl
117,Depok 11-05-1990,ttl
118,Humbang Hasundutan 23-02-1990,ttl
119,Hulu Sungai Utara 01-07-1980,ttl
120,Parigi Moutong 01-02-1958,ttl
121,Semarang 28-01-1958,ttl
122,Lampung Selatan 09-10-1982,ttl
123,Morowali 12-11-1965,ttl
124,Ngawi 09-11-1983,ttl
125,Landak 17-02-1960,ttl
126,Raja Ampat 03-11-1982,ttl
127,Jayapura 28-03-1998,ttl
128,Jayapura 23-07-1979,ttl
129,Aceh Tengah 16-07-1978,ttl
130,Kepulauan Sangihe 13-03-1973,ttl
131,Semarang 28-12-1983,ttl
132,Sleman 10-01-1976,ttl
133,Tomohon 02-11-1960,ttl
134,Sibolga 04-02-1987,ttl
135,Pagar Alam 18-03-1969,ttl
136,Belu 28-06-1981,ttl
137,Simalungun 07-08-1957,ttl
138,Mappi 16-12-1968,ttl
139,Sambas 24-02-1987,ttl
140,Lampung Utara 23-08-1980,ttl
141,Bima 14-04-1969,ttl
142,Deli Serdang 14-06-1958,ttl
143,Bombana 17-05-1988,ttl
144,Bangka Selatan 23-12-1990,ttl
145,Raja Ampat 15-09-1965,ttl
146,Sarolangun 25-06-2001,ttl
147,Nganjuk 25-01-1982,ttl
148,Barito Utara 04-07-1967,ttl
149,Palopo 19-02-1999,ttl
150,Konawe Selatan 16-10-1956,ttl
151,Pematang Siantar 23-06-1986,ttl
152,Aceh Barat Daya 01-12-1978,ttl
153,Bantaeng 24-02-1972,ttl
154,Sukoharjo 11-02-1968,ttl
155,Binjai 20-06-1956,ttl
156,Kubu Raya 09-04-1993,ttl
157,Mamuju 18-11-1970,ttl
158,Batu Bara 22-07-1970,ttl
159,Sidoarjo 28-05-1959,ttl
160,Takalar 16-10-1955,ttl
161,Kuningan 16-12-1990,ttl
162,Ogan Komering Ilir 12-07-1991,ttl
163,Pekalongan 09-02-2002,ttl
164,Bogor 01-03-1986,ttl
165,Batu 21-10-2000,ttl
166,Cimahi 04-06-1959,ttl
167,Sorong 20-07-1967,ttl
168,Situbondo 29-07-1995,ttl
169,Barito Timur 04-11-1967,ttl
170,Tegal 26-10-1984,ttl
171,Gunung Mas 14-05-1968,ttl
172,Barito Kuala 21-03-1961,ttl
173,Solok Selatan 26-07-1969,ttl
174,Cimahi 12-08-1992,ttl
175,Gorontalo Utara 07-04-2001,ttl
176,Sanggau 25-03-1956,ttl
177,Cirebon 25-06-1959,ttl
178,Karanganyar 23-01-1983,ttl
179,Lembata 12-06-1956,ttl
180,Pringsewu 08-12-1968,ttl
181,Lamongan 01-12-1993,ttl
182,Lamongan 12-03-1971,ttl
183,Konawe 24-06-1957,ttl
184,Indragiri Hilir 25-05-1998,ttl
185,Manggarai Barat 05-11-2001,ttl
186,Tanjung Pinang 09-03-1998,ttl
187,Sarmi 26-06-1993,ttl
188,Bengkayang 06-01-1958,ttl
189,Banyu Asin 17-09-2001,ttl
190,Kendari 05-04-2001,ttl
191,Berau 01-02-1989,ttl
192,Bireuen 20-08-1967,ttl
193,Jember 24-06-1988,ttl
194,Aceh Utara 23-03-1979,ttl
195,Tabanan 27-01-1976,ttl
196,Baubau 29-07-1964,ttl
197,Bengkulu Tengah 29-03-1981,ttl
198,Pidie Jaya 08-07-1966,ttl
199,Ambon 23-03-1978,ttl
200,Mamberamo Raya 18-06-1963,ttl
201,Bolaang Mongondow 11-01-1965,ttl
202,Gowa 12-06-1986,ttl
203,Gunungsitoli 24-04-1994,ttl
204,Gayo Lues 29-05-1955,ttl
205,Balangan 13-07-1980,ttl
206,Jepara 15-07-1960,ttl
207,Soppeng 25-10-1957,ttl
208,Sumba Timur 19-06-1985,ttl
209,Ende 29-04-1985,ttl
210,Gunungsitoli 25-11-1996,ttl
211,Padang Lawas 20-03-1973,ttl
212,Jombang 10-02-1987,ttl
213,Pati 01-03-2001,ttl
214,Ciamis 14-06-1958,ttl
215,Samosir 18-07-1975,ttl
216,Puncak Jaya 30-10-1963,ttl
217,Metro 15-08-1980,ttl
218,Halmahera Barat 13-03-1976,ttl
219,Sumba Timur 09-04-1970,ttl
220,Lombok Timur 21-04-1981,ttl
221,Blitar 30-06-1970,ttl
222,Jember 02-07-1960,ttl
223,Lampung Tengah 06-10-1991,ttl
224,Batu Bara 20-11-1989,ttl
225,Minahasa Tenggara 11-02-1983,ttl
226,Intan Jaya 27-03-2000,ttl
227,Cianjur 18-08-1980,ttl
228,Lampung Utara 07-07-1979,ttl
229,Karo 27-01-1987,ttl
230,Kubu Raya 04-03-1993,ttl
231,Labuhan Batu Utara 01-04-1982,ttl
232,Ogan Komering Ulu Timur 31-01-1989,ttl
233,Wonogiri 10-10-1970,ttl
234,Surabaya 07-09-1986,ttl
235,Lombok Barat 25-06-1982,ttl
236,Batang 16-05-1974,ttl
237,Mamuju 26-01-1979,ttl
238,Sampang 29-09-1958,ttl
239,Sorong Selatan 26-05-1993,ttl
240,Luwu Timur 24-12-1969,ttl
241,Pandeglang 09-02-1988,ttl
242,Padang Panjang 03-03-1989,ttl
243,Palangka Raya 22-03-1958,ttl
244,Lebak 02-04-1971,ttl
245,Jepara 29-05-1978,ttl
246,Subang 13-07-2000,ttl
247,Palangka Raya 09-01-1987,ttl
248,Sikka 01-01-1984,ttl
249,Pulang Pisau 30-04-1999,ttl
250,Jember 20-11-1957,ttl
251,Blitar 29-02-1996,ttl
252,Kudus 09-09-1979,ttl
253,Tojo Una-una 28-02-1973,ttl
254,Belitung 05-01-1994,ttl
255,Nias 31-01-1991,ttl
256,Sleman 01-12-1971,ttl
257,Situbondo 03-05-1984,ttl
258,Maros 05-02-1989,ttl
259,Sumbawa Barat 10-03-1957,ttl
260,Sabu Raijua 03-01-2002,ttl
261,Tual 22-05-1988,ttl
262,Nias 11-11-1996,ttl
263,Wajo 15-09-1977,ttl
264,Landak 18-01-1996,ttl
265,Jakarta Pusat 24-06-1987,ttl
266,Bengkulu 26-10-1985,ttl
267,Malinau 26-03-1998,ttl
268,Seruyan 12-03-1975,ttl
269,Sukoharjo 28-01-1979,ttl
270,Siak 03-01-1988,ttl
271,Barito Kuala 31-01-2001,ttl
272,Tanjung Pinang 08-11-1998,ttl
273,Bulukumba 14-11-1990,ttl
274,Boyolali 11-08-1986,ttl
275,Pangandaran 24-06-1976,ttl
276,Serang 05-04-1991,ttl
277,Bangka Tengah 14-06-1973,ttl
278,Tambrauw 01-02-1961,ttl
279,Kapuas Hulu 18-06-1997,ttl
280,Tana Tidung 02-08-1982,ttl
281,Mamberamo Tengah 03-07-1994,ttl
282,Malinau 11-02-1995,ttl
283,Metro 25-01-2002,ttl
284,Jeneponto 13-09-1993,ttl
285,Bombana 20-06-1961,ttl
286,Pemalang 04-07-1974,ttl
287,Berau 16-11-1985,ttl
288,Bitung 01-08-1993,ttl
289,Semarang 19-06-1999,ttl
290,Bengkulu Utara 30-01-1990,ttl
291,Sabu Raijua 14-12-1971,ttl
292,Probolinggo 02-01-1966,ttl
293,Gayo Lues 21-10-1961,ttl
294,Bangka Tengah 23-02-1965,ttl
295,Tambrauw 19-08-1956,ttl
296,Lamongan 27-06-1987,ttl
297,Aceh Timur 08-05-1983,ttl
298,Kepulauan Aru 17-04-1962,ttl
299,Kepulauan Mentawai 10-06-1987,ttl
300,Karawang 05-09-1993,ttl
301,Madiun 10-08-1977,ttl
302,Malinau 26-01-1977,ttl
303,Mamberamo Raya 25-05-1987,ttl
304,Donggala 30-04-1995,ttl
305,Labuhan Batu Selatan 01-11-1982,ttl
306,Kepulauan Sula 03-01-1993,ttl
307,Lembata 12-06-1972,ttl
308,Banda Aceh 02-10-1962,ttl
309,Pasuruan 20-10-1999,ttl
310,Deiyai 10-10-1988,ttl
311,Sarolangun 22-01-1999,ttl
312,Serang 29-12-1961,ttl
313,Temanggung 10-10-1963,ttl
314,Belitung Timur 27-10-1993,ttl
315,Lebong 26-06-1984,ttl
316,Pontianak 06-01-1956,ttl
317,Jepara 12-06-1986,ttl
318,Kerinci 15-01-1987,ttl
319,Labuhan Batu Utara 26-02-1988,ttl
320,Tegal 13-04-1971,ttl
321,Asahan 16-10-1977,ttl
322,Banyumas 25-11-1996,ttl
323,Mojokerto 10-01-1984,ttl
324,Badung 13-05-1991,ttl
325,Tana Toraja 26-02-2000,ttl
326,Mukomuko 07-01-1991,ttl
327,Pandeglang 15-11-1962,ttl
328,Banyu Asin 08-03-1974,ttl
329,Nagan Raya 08-04-1955,ttl
330,Surabaya 15-10-1981,ttl
331,Muaro Jambi 19-10-1988,ttl
332,Boven Digoel 10-04-1989,ttl
333,Mamuju 07-09-1972,ttl
334,Purbalingga 30-11-1973,ttl
335,Lombok Tengah 15-09-1995,ttl
336,Nias Selatan 26-04-1984,ttl
337,Buleleng 04-11-1982,ttl
338,Mamberamo Raya 07-09-1975,ttl
339,Dogiyai 30-07-1965,ttl
340,Bitung 12-07-1975,ttl
341,Simeulue 14-03-1998,ttl
342,Majalengka 23-12-1955,ttl
343,Humbang Hasundutan 17-09-1976,ttl
344,Sorong 21-09-1999,ttl
345,Sumenep 23-08-1997,ttl
346,Pasuruan 23-06-1978,ttl
347,Natuna 21-07-1968,ttl
348,Aceh Barat Daya 14-02-1989,ttl
349,Kendari 05-09-1960,ttl
350,Lombok Barat 17-05-1969,ttl
351,Padang 12-11-1972,ttl
352,Pangandaran 11-02-1986,ttl
353,Agam 24-02-2002,ttl
354,Tanjung Jabung Timur 27-07-1985,ttl
355,Indragiri Hilir 03-02-1959,ttl
356,Pasuruan 07-04-2001,ttl
357,Barito Kuala 31-08-1990,ttl
358,Purwakarta 07-04-1978,ttl
359,Toba Samosir 05-02-1997,ttl
360,Sumbawa Barat 10-12-1992,ttl
361,Blora 27-02-1995,ttl
362,Kutai Barat 17-01-1987,ttl
363,Malang 28-08-1959,ttl
364,Kepulauan Seribu 29-11-1997,ttl
365,Lombok Tengah 15-01-1958,ttl
366,Bangka Selatan 21-03-1987,ttl
367,Pariaman 03-06-1976,ttl
368,Ngada 16-08-1983,ttl
369,Murung Raya 09-11-1973,ttl
370,Halmahera Tengah 20-09-1955,ttl
371,Keerom 06-10-1974,ttl
372,Lahat 21-07-2001,ttl
373,Bandung Barat 23-04-1997,ttl
374,Aceh Jaya 05-09-1960,ttl
375,Bekasi 19-05-1982,ttl
376,Boven Digoel 11-11-1970,ttl
377,Gorontalo 08-12-1975,ttl
378,Kubu Raya 09-12-1956,ttl
379,Kolaka Utara 26-01-1992,ttl
380,Pesisir Barat 13-12-1989,ttl
381,Ambon 09-03-1962,ttl
382,Grobogan 29-12-1987,ttl
383,Banda Aceh 18-06-1993,ttl
384,Tana Tidung 28-07-1961,ttl
385,Minahasa 12-03-1957,ttl
386,Deli Serdang 29-01-2001,ttl
387,Pringsewu 19-05-2001,ttl
388,Palembang 25-09-1988,ttl
389,Bengkulu 08-10-1975,ttl
390,Bone Bolango 05-05-1996,ttl
391,Kepulauan Anambas 16-02-1981,ttl
392,Boven Digoel 21-10-1961,ttl
393,Tebo 27-03-1991,ttl
394,Pohuwato 30-08-1997,ttl
395,Lahat 12-09-1997,ttl
396,Salatiga 13-09-1997,ttl
397,Kepulauan Seribu 14-01-1970,ttl
398,Tolikara 11-04-1998,ttl
399,Jambi 31-07-1995,ttl
400,Penajam Paser Utara 24-05-1984,ttl
401,Maluku Tenggara 11-11-1983,ttl
402,Lubuklinggau 04-12-1977,ttl
403,Kendal 25-07-1996,ttl
404,Konawe Selatan 09-10-1975,ttl
405,Kotamobagu 05-10-1976,ttl
406,Aceh Singkil 28-07-1974,ttl
407,Tanah Datar 29-11-1962,ttl
408,Aceh Selatan 04-03-1957,ttl
409,Muna 03-08-1987,ttl
410,Ternate 17-08-1964,ttl
411,Seram Bagian Timur 19-11-1986,ttl
412,Cilegon 11-09-1975,ttl
413,Temanggung 08-08-1957,ttl
414,Ogan Komering Ilir 25-05-1993,ttl
415,Maluku Tenggara Barat 07-08-1993,ttl
416,Sumedang 15-10-1965,ttl
417,Timor Tengah Utara 10-09-1970,ttl
418,Tanjung Pinang 08-05-1980,ttl
419,Timor Tengah Utara 26-07-1958,ttl
420,Indragiri Hilir 30-08-1955,ttl
421,Buol 21-07-1965,ttl
422,Jepara 11-01-1956,ttl
423,Belu 03-01-1969,ttl
424,Padangsidimpuan 14-06-1962,ttl
425,Kendari 12-06-1981,ttl
426,Payakumbuh 17-08-1969,ttl
427,Jakarta Utara 14-11-1984,ttl
428,Bantaeng 24-09-1971,ttl
429,Lombok Barat 22-12-1996,ttl
430,Karanganyar 06-09-1984,ttl
431,Kapuas Hulu 21-12-1991,ttl
432,Toba Samosir 11-05-1998,ttl
433,Semarang 26-02-1955,ttl
434,Sumbawa Barat 08-02-1997,ttl
435,Palembang 01-09-1971,ttl
436,Barru 22-10-1959,ttl
437,Sleman 05-03-1990,ttl
438,Tolikara 05-10-1959,ttl
439,Indragiri Hilir 22-07-1977,ttl
440,Sekadau 19-12-1989,ttl
441,Lombok Barat 22-08-1988,ttl
442,Bulungan 03-02-1986,ttl
443,Batam 27-11-1980,ttl
444,Karimun 01-01-1969,ttl
445,Metro 02-02-1982,ttl
446,Parigi Moutong 23-02-1992,ttl
447,Mimika 10-06-1957,ttl
448,Bontang 17-06-1999,ttl
449,Merauke 16-10-1981,ttl
450,Luwu Timur 13-03-1987,ttl
451,Lebak 01-09-1977,ttl
452,Bandung Barat 04-02-2000,ttl
453,Tanjung Jabung Timur 10-11-2001,ttl
454,Batu Bara 09-12-1976,ttl
455,Dharmasraya 23-01-1995,ttl
456,Banjarmasin 14-07-1994,ttl
457,Manggarai Timur 18-11-1956,ttl
458,Kepulauan Seribu 07-10-1977,ttl
459,Pangandaran 11-12-1962,ttl
460,Pasaman Barat 07-09-2001,ttl
461,Pasuruan 30-07-1978,ttl
462,Pegunungan Bintang 18-08-1978,ttl
463,Keerom 08-12-1985,ttl
464,Bangli 26-07-1970,ttl
465,Bandung Barat 17-03-1980,ttl
466,Karanganyar 03-11-1964,ttl
467,Teluk Wondama 24-03-1985,ttl
468,Cilacap 05-06-1958,ttl
469,Purbalingga 11-05-1966,ttl
470,Langkat 14-08-1991,ttl
471,Jepara 06-01-1979,ttl
472,Halmahera Timur 24-01-1996,ttl
473,Binjai 05-11-1956,ttl
474,Pulau Morotai 15-10-1985,ttl
475,Pangkal Pinang 17-06-1997,ttl
476,Sumedang 05-04-1968,ttl
477,Bantaeng 03-10-1984,ttl
478,Kolaka 29-01-1972,ttl
479,Pulau Morotai 25-10-1978,ttl
480,Kepulauan Seribu 09-06-1998,ttl
481,Agam 12-04-1964,ttl
482,Manggarai Barat 25-11-1959,ttl
483,Pesisir Barat 14-07-1992,ttl
484,Sragen 25-02-1991,ttl
485,Sigi 31-08-1993,ttl
486,Aceh Tenggara 01-04-1956,ttl
487,Banggai Kepulauan 25-04-1963,ttl
488,Probolinggo 06-01-1961,ttl
0,"Jr. Asia Afrika No. 721, Lhokseumawe 13933, Jambi",address
1,"Dk. Ketandan No. 978, Kotamobagu 49016, KalBar",address
2,"Gg. Pelajar Pejuang 45 No. 628, Magelang 97885, SumBar",address
3,"Ds. Dr. Junjunan No. 814, Depok 88910, Lampung",address
4,"Ds. Nanas No. 645, Mojokerto 32506, SumSel",address
5,"Jr. Otto No. 479, Tanjungbalai 61454, SulUt",address
6,"Ds. Nangka No. 564, Administrasi Jakarta Pusat 90530, KalUt",address
7,"Gg. Sutarto No. 645, Administrasi Jakarta Timur 51341, SulUt",address
8,"Jr. Tentara Pelajar No. 236, Kendari 62155, KalSel",address
9,"Jr. Abdullah No. 500, Singkawang 88653, Riau",address
10,"Ds. Bahagia No. 522, Administrasi Jakarta Timur 59629, SulBar",address
11,"Psr. Wahid No. 838, Subulussalam 22551, KalBar",address
12,"Ds. Suryo No. 554, Pekanbaru 33407, JaBar",address
13,"Ki. Raden No. 961, Padang 66237, SulBar",address
14,"Ki. Lada No. 126, Pematangsiantar 46484, Maluku",address
15,"Dk. Radio No. 615, Batu 23032, KalUt",address
16,"Jr. Kebangkitan Nasional No. 986, Metro 17026, JaTim",address
17,"Jr. Yogyakarta No. 432, Padang 78886, SulTra",address
18,"Kpg. Cikutra Barat No. 248, Yogyakarta 91566, Riau",address
19,"Gg. Yogyakarta No. 933, Pasuruan 95287, SulTeng",address
20,"Dk. Yogyakarta No. 474, Samarinda 55580, Riau",address
21,"Jln. Sukajadi No. 955, Subulussalam 97273, Gorontalo",address
22,"Gg. Gardujati No. 614, Ternate 93336, KalTeng",address
23,"Jln. Bak Mandi No. 805, Dumai 83226, Jambi",address
24,"Kpg. Pelajar Pejuang 45 No. 808, Tegal 16396, Riau",address
25,"Ds. Babah No. 781, Sorong 31807, KalSel",address
26,"Jln. Achmad No. 843, Pangkal Pinang 55116, SulTra",address
27,"Jr. B.Agam Dlm No. 234, Semarang 13563, KalSel",address
28,"Ki. Reksoninten No. 989, Yogyakarta 70296, MalUt",address
29,"Ki. Sentot Alibasa No. 227, Serang 87518, NTT",address
30,"Ds. Sam Ratulangi No. 34, Bau-Bau 40125, SulBar",address
31,"Jr. Lada No. 158, Prabumulih 54314, NTB",address
32,"Jln. Supomo No. 388, Tegal 15238, KalTeng",address
33,"Psr. Mahakam No. 919, Solok 32986, Jambi",address
34,"Dk. Pasir Koja No. 932, Subulussalam 34724, KalBar",address
35,"Psr. HOS. Cjokroaminoto (Pasirkaliki) No. 742, Tasikmalaya 60471, Bali",address
36,"Jln. Gegerkalong Hilir No. 173, Sabang 14960, Maluku",address
37,"Gg. Kartini No. 641, Parepare 23158, NTB",address
38,"Ds. Flores No. 518, Ternate 47103, SulTeng",address
39,"Gg. Kiaracondong No. 640, Mataram 59435, DIY",address
40,"Gg. Kebangkitan Nasional No. 265, Ambon 22882, SumSel",address
41,"Psr. Kebonjati No. 94, Sawahlunto 92264, JaTim",address
42,"Gg. Baha No. 948, Administrasi Jakarta Barat 21120, NTB",address
43,"Ki. Raden Saleh No. 751, Singkawang 17600, MalUt",address
44,"Jr. Bah Jaya No. 841, Banjarmasin 36690, Bali",address
45,"Psr. Gremet No. 22, Malang 35682, KalUt",address
46,"Jln. Sugiyopranoto No. 99, Tangerang Selatan 98474, Jambi",address
47,"Jln. Jamika No. 868, Pasuruan 28570, Aceh",address
48,"Ki. Bak Air No. 5, Pariaman 48250, SulUt",address
49,"Ds. Labu No. 995, Bau-Bau 32394, MalUt",address
50,"Dk. Bak Mandi No. 630, Bandar Lampung 84478, KepR",address
51,"Gg. Camar No. 620, Samarinda 73030, Jambi",address
52,"Ki. Muwardi No. 693, Administrasi Jakarta Utara 81443, KalTim",address
53,"Dk. Ters. Kiaracondong No. 812, Jambi 75016, KalBar",address
54,"Ds. Honggowongso No. 474, Palangka Raya 70282, KalBar",address
55,"Ki. Yos Sudarso No. 252, Bandar Lampung 60939, SulTra",address
56,"Kpg. Tangkuban Perahu No. 916, Batam 47433, SumUt",address
57,"Jln. Tangkuban Perahu No. 677, Lhokseumawe 45988, DKI",address
58,"Psr. Lada No. 955, Tomohon 37007, KalTim",address
59,"Ds. Dr. Junjunan No. 107, Makassar 11971, Bengkulu",address
60,"Psr. Surapati No. 287, Serang 23399, KalBar",address
61,"Ki. Banceng Pondok No. 360, Bengkulu 59967, KalBar",address
62,"Kpg. Batako No. 636, Administrasi Jakarta Pusat 17298, DIY",address
63,"Dk. Katamso No. 613, Sibolga 21287, SulUt",address
64,"Gg. Ketandan No. 493, Jambi 74574, KalTeng",address
65,"Dk. Suryo No. 612, Kendari 52704, NTB",address
66,"Jln. Cikapayang No. 135, Magelang 19294, Riau",address
67,"Ki. Sutarto No. 837, Dumai 29969, Riau",address
68,"Gg. Bah Jaya No. 628, Malang 22849, Bali",address
69,"Psr. R.E. Martadinata No. 370, Bontang 67393, SulBar",address
70,"Jr. Sam Ratulangi No. 785, Pasuruan 35833, SumSel",address
71,"Dk. Sugiyopranoto No. 281, Payakumbuh 98335, JaBar",address
72,"Jln. Wahidin Sudirohusodo No. 978, Sukabumi 55320, Banten",address
73,"Gg. Baabur Royan No. 545, Jayapura 53971, SumBar",address
74,"Jln. Pasteur No. 659, Tanjungbalai 78011, Aceh",address
75,"Gg. Sukabumi No. 202, Tangerang Selatan 89999, NTB",address
76,"Ki. Rajawali No. 141, Sungai Penuh 24496, NTB",address
77,"Jln. Bahagia  No. 826, Tual 57632, MalUt",address
78,"Ds. Baja Raya No. 555, Bogor 84130, SulTra",address
79,"Jln. Baranangsiang No. 129, Pontianak 48185, KalBar",address
80,"Dk. Bayan No. 863, Bengkulu 79408, NTT",address
81,"Kpg. Suprapto No. 90, Singkawang 74964, PapBar",address
82,"Ki. Elang No. 437, Tangerang Selatan 99684, Aceh",address
83,"Gg. Fajar No. 768, Sabang 96449, KalSel",address
84,"Ki. Kiaracondong No. 55, Yogyakarta 47317, Maluku",address
85,"Ds. Acordion No. 368, Samarinda 88555, Maluku",address
86,"Psr. Astana Anyar No. 514, Binjai 14070, Bali",address
87,"Dk. B.Agam Dlm No. 346, Padangsidempuan 22637, Bali",address
88,"Ki. Dago No. 288, Makassar 18715, Riau",address
89,"Ds. Supomo No. 770, Kediri 19252, DIY",address
90,"Ds. Radio No. 316, Tual 17373, Bengkulu",address
91,"Gg. Karel S. Tubun No. 443, Kediri 37505, KalUt",address
92,"Psr. R.E. Martadinata No. 818, Palu 15617, NTB",address
93,"Jr. Baranangsiang No. 339, Kupang 64413, KalBar",address
94,"Jln. Veteran No. 212, Probolinggo 88703, Maluku",address
95,"Jln. Achmad Yani No. 838, Bitung 19596, Aceh",address
96,"Psr. Gatot Subroto No. 508, Yogyakarta 18593, SulUt",address
97,"Jr. Antapani Lama No. 217, Banjar 41256, Banten",address
98,"Jr. Kyai Gede No. 833, Tangerang 91018, BaBel",address
99,"Jr. Katamso No. 322, Bengkulu 59130, Bengkulu",address
100,"Dk. Imam Bonjol No. 577, Cilegon 96742, SulTra",address
101,"Jr. Villa No. 584, Pagar Alam 45927, KalSel",address
102,"Dk. Imam Bonjol No. 199, Metro 46829, NTB",address
103,"Gg. Cokroaminoto No. 781, Bandar Lampung 80034, KalUt",address
104,"Ki. Lumban Tobing No. 402, Administrasi Jakarta Pusat 97956, KalTeng",address
105,"Dk. Suniaraja No. 934, Cirebon 16927, KalBar",address
106,"Ds. Salatiga No. 300, Medan 18688, Aceh",address
107,"Dk. Wahid No. 99, Tangerang Selatan 61899, SulUt",address
108,"Gg. Sutoyo No. 19, Tebing Tinggi 51738, Bali",address
109,"Ki. Umalas No. 821, Kupang 18714, Riau",address
110,"Jln. Suryo Pranoto No. 470, Makassar 59781, Riau",address
111,"Ki. Nangka No. 750, Tanjung Pinang 10996, Bali",address
112,"Dk. Bank Dagang Negara No. 406, Surakarta 60181, Gorontalo",address
113,"Ki. Sutami No. 347, Pekanbaru 98970, KepR",address
114,"Kpg. Casablanca No. 540, Payakumbuh 23556, JaBar",address
115,"Psr. Radio No. 805, Bau-Bau 20093, MalUt",address
116,"Psr. Bagis Utama No. 688, Palu 51496, Aceh",address
117,"Dk. Dipenogoro No. 335, Banjar 90081, KalTim",address
118,"Jr. Bara Tambar No. 937, Surakarta 30868, SulBar",address
119,"Dk. Baja No. 454, Lhokseumawe 83775, DKI",address
120,"Gg. Bakit  No. 505, Solok 97500, Jambi",address
121,"Dk. Juanda No. 904, Pasuruan 94005, SulTra",address
122,"Jr. Uluwatu No. 165, Gorontalo 31491, SumSel",address
123,"Dk. Kalimantan No. 888, Makassar 42830, KalUt",address
124,"Ki. Dago No. 410, Palembang 17567, JaBar",address
125,"Psr. Dipenogoro No. 968, Binjai 85162, MalUt",address
126,"Jln. Asia Afrika No. 176, Padangsidempuan 59148, JaBar",address
127,"Ds. Basuki No. 259, Pangkal Pinang 67201, NTB",address
128,"Psr. Gremet No. 198, Kupang 57160, NTT",address
129,"Ds. Pasteur No. 983, Pasuruan 49320, MalUt",address
130,"Ki. Tambak No. 976, Pasuruan 26074, Jambi",address
131,"Jln. Bhayangkara No. 116, Sabang 64179, SumUt",address
132,"Psr. Moch. Ramdan No. 908, Jambi 85985, MalUt",address
133,"Gg. Banceng Pondok No. 408, Denpasar 34386, PapBar",address
134,"Psr. Ekonomi No. 5, Kendari 27311, Gorontalo",address
135,"Gg. Setiabudhi No. 961, Payakumbuh 50547, Aceh",address
136,"Dk. Tangkuban Perahu No. 382, Padangsidempuan 45967, KepR",address
137,"Dk. Suharso No. 955, Bogor 22876, MalUt",address
138,"Jr. Sukajadi No. 894, Yogyakarta 46188, Bengkulu",address
139,"Dk. Wora Wari No. 102, Administrasi Jakarta Pusat 27012, NTB",address
140,"Psr. Cemara No. 735, Samarinda 96214, SulSel",address
141,"Gg. Uluwatu No. 398, Manado 35148, NTB",address
142,"Psr. Supono No. 364, Batu 49179, SumSel",address
143,"Ki. Suharso No. 272, Batu 39560, KalBar",address
144,"Gg. Baranang No. 653, Gorontalo 92995, Riau",address
145,"Jr. Ciwastra No. 238, Pasuruan 37140, KalTim",address
146,"Gg. Bass No. 267, Sungai Penuh 81817, SumSel",address
147,"Kpg. Basudewo No. 796, Palangka Raya 11088, JaTim",address
148,"Psr. Jend. A. Yani No. 105, Palopo 57169, KalTim",address
149,"Psr. Jamika No. 374, Bandung 36176, Gorontalo",address
150,"Ki. Wahid No. 196, Malang 76341, KepR",address
151,"Ds. Tubagus Ismail No. 980, Sungai Penuh 25687, Riau",address
152,"Ds. Baiduri No. 242, Mojokerto 12161, KalTeng",address
153,"Jr. Wahidin No. 673, Bukittinggi 66054, Aceh",address
154,"Ds. Batako No. 953, Ternate 61000, JaTim",address
155,"Ds. Baja No. 49, Administrasi Jakarta Selatan 65609, Aceh",address
156,"Ds. Jagakarsa No. 311, Payakumbuh 43453, SulBar",address
157,"Ds. Baik No. 792, Mojokerto 39560, KalTeng",address
158,"Jln. Bagonwoto  No. 584, Pekalongan 88432, DKI",address
159,"Jr. Cikutra Barat No. 81, Gorontalo 80711, KalTeng",address
160,"Psr. Basuki No. 495, Serang 39513, KalTeng",address
161,"Jln. Rajawali No. 1, Sibolga 83913, SumUt",address
162,"Gg. Bak Air No. 996, Solok 15919, KalTeng",address
163,"Jr. Tambak No. 734, Parepare 35641, JaBar",address
164,"Ds. Cut Nyak Dien No. 61, Tegal 16854, KalTim",address
165,"Kpg. Madiun No. 846, Banjar 22589, PapBar",address
166,"Gg. Sam Ratulangi No. 698, Bogor 37119, Riau",address
167,"Ds. Teuku Umar No. 913, Semarang 89289, SulTra",address
168,"Dk. Basudewo No. 866, Salatiga 92988, Bengkulu",address
169,"Ki. Otto No. 222, Sawahlunto 36800, SumUt",address
170,"Gg. Cikutra Timur No. 12, Parepare 47100, KalTim",address
171,"Ki. Ciumbuleuit No. 557, Pekanbaru 48130, Aceh",address
172,"Jr. Sam Ratulangi No. 560, Bogor 52525, SulTra",address
173,"Psr. Basoka Raya No. 621, Sungai Penuh 91072, DKI",address
174,"Ds. Daan No. 820, Kotamobagu 18599, Lampung",address
175,"Ki. Villa No. 344, Sabang 20491, Maluku",address
176,"Gg. Bagas Pati No. 467, Jambi 27699, KalUt",address
177,"Jln. Baiduri No. 101, Surakarta 64384, SulUt",address
178,"Jr. Cemara No. 574, Payakumbuh 90888, KalTeng",address
179,"Jr. Sukajadi No. 542, Administrasi Jakarta Pusat 34233, SulTra",address
180,"Jr. Tangkuban Perahu No. 478, Tangerang 31904, JaTim",address
181,"Dk. Madrasah No. 829, Tangerang 45985, Papua",address
182,"Psr. Thamrin No. 556, Pasuruan 64153, Banten",address
183,"Ki. Sudiarto No. 200, Administrasi Jakarta Barat 24110, Riau",address
184,"Kpg. Untung Suropati No. 133, Lubuklinggau 87663, JaBar",address
185,"Psr. Kusmanto No. 119, Sabang 31496, SumBar",address
186,"Dk. Moch. Yamin No. 501, Kediri 86182, NTB",address
187,"Kpg. Cihampelas No. 432, Pangkal Pinang 22797, DKI",address
188,"Jr. Ciwastra No. 178, Gorontalo 78778, KalUt",address
189,"Jr. Cikutra Barat No. 746, Jayapura 44890, NTT",address
190,"Jr. Bawal No. 504, Banda Aceh 20653, SulSel",address
191,"Ds. Veteran No. 10, Sibolga 60771, SulUt",address
192,"Jln. Gajah Mada No. 44, Tasikmalaya 72055, Jambi",address
193,"Jr. Aceh No. 393, Bandung 26275, SulTra",address
194,"Dk. Rajawali Timur No. 586, Serang 46306, Riau",address
195,"Kpg. Kalimalang No. 98, Pasuruan 66677, KalBar",address
196,"Ds. Kalimalang No. 825, Manado 27879, Aceh",address
197,"Psr. Villa No. 298, Bontang 78599, Papua",address
198,"Psr. Karel S. Tubun No. 156, Tarakan 93955, Bengkulu",address
199,"Jr. Bata Putih No. 235, Lubuklinggau 20484, Lampung",address
200,"Ds. Abdul Rahmat No. 46, Pasuruan 49545, DIY",address
201,"Ds. Bahagia  No. 885, Banjarbaru 54356, SumUt",address
202,"Psr. Cikutra Timur No. 339, Bitung 40374, Aceh",address
203,"Ki. R.M. Said No. 798, Administrasi Jakarta Barat 22862, Aceh",address
204,"Kpg. Abdul No. 747, Mataram 44429, SumSel",address
205,"Gg. Basket No. 784, Cirebon 10415, SulBar",address
206,"Dk. Labu No. 122, Solok 75157, SulBar",address
207,"Ds. Baranang Siang Indah No. 857, Blitar 79403, Lampung",address
208,"Ki. Untung Suropati No. 784, Samarinda 50683, JaTeng",address
209,"Jln. Kusmanto No. 881, Sukabumi 31374, Bali",address
210,"Ds. K.H. Wahid Hasyim (Kopo) No. 504, Prabumulih 78661, Lampung",address
211,"Kpg. Cemara No. 528, Banda Aceh 96798, SulTeng",address
212,"Kpg. Basket No. 555, Gunungsitoli 14077, SulUt",address
213,"Psr. Kalimalang No. 464, Yogyakarta 63603, SulUt",address
214,"Psr. Bak Mandi No. 344, Pontianak 17906, JaTeng",address
215,"Ki. Bahagia  No. 576, Sungai Penuh 37126, Gorontalo",address
216,"Ki. Bakaru No. 199, Palopo 61960, DKI",address
217,"Gg. Baiduri No. 593, Ternate 25705, JaBar",address
218,"Ki. Wahidin Sudirohusodo No. 354, Probolinggo 92854, Bengkulu",address
219,"Ki. Sam Ratulangi No. 748, Surakarta 68783, SulBar",address
220,"Kpg. Jakarta No. 394, Surabaya 43466, Jambi",address
221,"Gg. Basoka No. 844, Administrasi Jakarta Pusat 17382, NTT",address
222,"Jln. Yos Sudarso No. 297, Pariaman 52235, KalUt",address
223,"Ds. Bakau Griya Utama No. 732, Pematangsiantar 65612, JaTeng",address
224,"Ki. Gotong Royong No. 218, Ternate 49640, Jambi",address
225,"Jln. Otto No. 204, Bau-Bau 45685, SulBar",address
226,"Jr. Basuki Rahmat  No. 674, Denpasar 98097, SulTeng",address
227,"Jr. Otto No. 788, Administrasi Jakarta Timur 95730, Gorontalo",address
228,"Psr. Nakula No. 170, Bekasi 14200, KalBar",address
229,"Jr. M.T. Haryono No. 949, Palu 14645, NTB",address
230,"Gg. Supono No. 766, Kendari 92583, SulTeng",address
231,"Kpg. Bayan No. 589, Administrasi Jakarta Barat 13157, JaTeng",address
232,"Gg. Abdullah No. 692, Administrasi Jakarta Selatan 80405, KalTim",address
233,"Dk. Laksamana No. 978, Bukittinggi 65476, SulSel",address
234,"Jr. Antapani Lama No. 938, Kendari 85476, Bengkulu",address
235,"Jln. Suryo Pranoto No. 137, Parepare 36513, NTB",address
236,"Psr. Rajawali Barat No. 344, Gunungsitoli 79093, Riau",address
237,"Kpg. Halim No. 589, Surakarta 85113, Banten",address
238,"Ki. Baja No. 736, Padang 68891, JaTeng",address
239,"Ki. Imam Bonjol No. 743, Binjai 16916, JaTim",address
240,"Dk. W.R. Supratman No. 66, Bau-Bau 53075, KepR",address
241,"Gg. Sutami No. 746, Padangpanjang 98770, Lampung",address
242,"Gg. Halim No. 410, Bekasi 56221, Lampung",address
243,"Ds. Acordion No. 336, Tangerang Selatan 77267, Aceh",address
244,"Gg. Yohanes No. 543, Lhokseumawe 88607, Lampung",address
245,"Ki. Gajah No. 651, Sibolga 98787, NTT",address
246,"Psr. Cikapayang No. 397, Bengkulu 54617, Riau",address
247,"Ds. R.E. Martadinata No. 553, Bukittinggi 88559, Lampung",address
248,"Jln. Abdul Rahmat No. 762, Tanjungbalai 64914, SulUt",address
249,"Ds. Suryo No. 886, Padangpanjang 39501, SulTeng",address
250,"Kpg. Rumah Sakit No. 329, Banjarbaru 36969, KalTim",address
251,"Jln. Qrisdoren No. 318, Palembang 81034, KalBar",address
252,"Jr. Tangkuban Perahu No. 95, Lhokseumawe 37802, Lampung",address
253,"Jr. Adisumarmo No. 682, Tanjungbalai 76138, KalBar",address
254,"Ki. Baik No. 135, Tebing Tinggi 68718, JaTeng",address
255,"Ki. Bakaru No. 127, Palangka Raya 36107, KalTim",address
256,"Jr. Agus Salim No. 770, Tangerang Selatan 94456, Jambi",address
257,"Kpg. Babadak No. 482, Kupang 77518, JaBar",address
258,"Psr. Bahagia No. 517, Bima 48072, DIY",address
259,"Psr. Cokroaminoto No. 70, Kediri 33046, DIY",address
260,"Psr. Padma No. 87, Banjarbaru 63735, Bengkulu",address
261,"Jr. Soekarno Hatta No. 357, Pontianak 13504, SulSel",address
262,"Dk. Bayan No. 520, Denpasar 92473, KalSel",address
263,"Psr. Kebangkitan Nasional No. 351, Kediri 73994, JaTeng",address
264,"Jr. Adisumarmo No. 984, Tidore Kepulauan 46995, Aceh",address
265,"Jr. Halim No. 609, Kupang 52015, Aceh",address
266,"Ds. Gremet No. 908, Surakarta 56670, KalUt",address
267,"Dk. Achmad No. 275, Manado 88712, SumSel",address
268,"Ki. Gardujati No. 369, Tanjungbalai 81459, SumSel",address
269,"Ki. Banal No. 485, Tomohon 28340, KalUt",address
270,"Ds. Panjaitan No. 481, Probolinggo 59381, Maluku",address
271,"Ds. Pasir Koja No. 961, Tanjung Pinang 36382, Banten",address
272,"Psr. Nanas No. 806, Administrasi Jakarta Selatan 15333, Maluku",address
273,"Jln. Soekarno Hatta No. 439, Banjar 66190, SulSel",address
274,"Ds. Antapani Lama No. 158, Tomohon 36011, Riau",address
275,"Ki. Sampangan No. 943, Banjarbaru 63365, Aceh",address
276,"Kpg. Bah Jaya No. 582, Mataram 11425, KalTeng",address
277,"Psr. Gading No. 406, Palangka Raya 81272, SumBar",address
278,"Kpg. Laksamana No. 900, Kupang 59136, Papua",address
279,"Gg. Peta No. 951, Tomohon 31079, KalTeng",address
280,"Jr. Gajah Mada No. 883, Solok 55964, SumUt",address
281,"Kpg. Nanas No. 754, Pontianak 65877, NTT",address
282,"Gg. Umalas No. 261, Kupang 23255, Banten",address
283,"Psr. Basket No. 20, Dumai 17770, Bali",address
284,"Jln. Gajah No. 232, Sibolga 16808, Papua",address
285,"Psr. Untung Suropati No. 922, Kupang 14459, KalSel",address
286,"Ki. Bara No. 307, Makassar 36163, SulTra",address
287,"Dk. Antapani Lama No. 652, Jambi 38773, JaTim",address
288,"Jln. Basoka Raya No. 716, Administrasi Jakarta Pusat 41183, NTT",address
289,"Kpg. Moch. Ramdan No. 240, Padangsidempuan 82606, SulUt",address
290,"Jr. Wahid Hasyim No. 464, Administrasi Jakarta Barat 90025, JaTeng",address
291,"Dk. Basket No. 582, Bukittinggi 79865, SumSel",address
292,"Dk. Bayan No. 350, Kotamobagu 38262, MalUt",address
293,"Dk. Rumah Sakit No. 706, Metro 18977, Riau",address
294,"Gg. Lada No. 365, Tanjungbalai 89818, JaBar",address
295,"Kpg. Siliwangi No. 274, Bontang 95517, Bali",address
296,"Kpg. Pelajar Pejuang 45 No. 989, Tegal 14699, Bali",address
297,"Gg. Salatiga No. 309, Tangerang Selatan 60199, NTT",address
298,"Kpg. Pelajar Pejuang 45 No. 371, Kupang 26483, Papua",address
299,"Ki. Jend. Sudirman No. 148, Padang 10185, NTB",address
300,"Psr. Babah No. 34, Lhokseumawe 37659, JaBar",address
301,"Gg. Lada No. 832, Magelang 72177, PapBar",address
302,"Ds. Radio No. 592, Solok 68900, NTT",address
303,"Gg. Muwardi No. 704, Batu 51844, KalTeng",address
304,"Jln. Wahidin No. 769, Tangerang 55997, Aceh",address
305,"Ki. Juanda No. 14, Surakarta 40484, Maluku",address
306,"Dk. Lembong No. 462, Tanjung Pinang 17157, SulTeng",address
307,"Kpg. Banal No. 855, Manado 62128, SulUt",address
308,"Gg. Moch. Toha No. 5, Salatiga 47442, SulTra",address
309,"Ds. Haji No. 476, Langsa 67934, NTT",address
310,"Dk. Bakit  No. 533, Kotamobagu 92599, PapBar",address
311,"Gg. Basoka No. 393, Banjarmasin 35686, Banten",address
312,"Jr. Bagonwoto  No. 754, Prabumulih 19332, BaBel",address
313,"Gg. Baja No. 945, Pangkal Pinang 54955, SulSel",address
314,"Gg. Supomo No. 399, Langsa 51567, SulBar",address
315,"Ki. Banda No. 862, Administrasi Jakarta Barat 79753, Bengkulu",address
316,"Gg. Bawal No. 890, Payakumbuh 35232, KalTeng",address
317,"Dk. Tubagus Ismail No. 596, Sukabumi 97202, Bengkulu",address
318,"Gg. Jambu No. 852, Banda Aceh 50984, SumSel",address
319,"Ki. Yoga No. 794, Medan 67569, Gorontalo",address
320,"Dk. Arifin No. 660, Bitung 71393, NTB",address
321,"Jln. Tentara Pelajar No. 726, Lhokseumawe 89883, Lampung",address
322,"Ds. Cemara No. 505, Binjai 42801, Gorontalo",address
323,"Jr. Bakti No. 890, Ternate 21517, JaBar",address
324,"Jr. Dago No. 822, Padangpanjang 61295, SulTeng",address
325,"Dk. Yoga No. 609, Administrasi Jakarta Barat 80215, Aceh",address
326,"Kpg. R.M. Said No. 913, Banjarmasin 68015, SulSel",address
327,"Kpg. Ketandan No. 669, Bontang 62979, SulTeng",address
328,"Jr. Raden No. 561, Bima 55210, Lampung",address
329,"Jr. Uluwatu No. 380, Medan 47872, Lampung",address
330,"Jr. Taman No. 280, Samarinda 89554, SulBar",address
331,"Dk. Mulyadi No. 831, Pontianak 86718, NTT",address
332,"Jln. Suprapto No. 308, Pangkal Pinang 46407, Gorontalo",address
333,"Jln. Abdul Muis No. 720, Mojokerto 12905, KalTim",address
334,"Jln. Soekarno Hatta No. 914, Kupang 14751, JaTim",address
335,"Jr. Halim No. 931, Serang 29196, NTB",address
336,"Ds. Ekonomi No. 114, Batam 28332, Gorontalo",address
337,"Dk. Peta No. 452, Administrasi Jakarta Selatan 37870, KalSel",address
338,"Kpg. Suniaraja No. 96, Administrasi Jakarta Barat 14578, Riau",address
339,"Jr. Yap Tjwan Bing No. 835, Bontang 24855, JaBar",address
340,"Dk. Urip Sumoharjo No. 444, Administrasi Jakarta Selatan 73234, Aceh",address
341,"Ds. Jambu No. 415, Bandung 81852, Gorontalo",address
342,"Gg. Bakhita No. 152, Administrasi Jakarta Timur 53133, JaBar",address
343,"Dk. Bara No. 854, Magelang 32569, NTB",address
344,"Jln. Juanda No. 759, Padangsidempuan 60098, Riau",address
345,"Dk. W.R. Supratman No. 845, Kendari 51935, Gorontalo",address
346,"Ki. Bhayangkara No. 43, Kotamobagu 83847, KalTim",address
347,"Kpg. Veteran No. 987, Bukittinggi 54915, MalUt",address
348,"Jr. Tangkuban Perahu No. 907, Sabang 61088, KalTeng",address
349,"Jln. BKR No. 111, Banjarmasin 81804, MalUt",address
350,"Ki. Diponegoro No. 257, Tarakan 29259, BaBel",address
351,"Ki. Suharso No. 776, Binjai 96249, DKI",address
352,"Jr. HOS. Cjokroaminoto (Pasirkaliki) No. 711, Jayapura 63440, Aceh",address
353,"Gg. Basket No. 404, Bitung 12657, Papua",address
354,"Jln. Imam Bonjol No. 23, Kupang 24131, KepR",address
355,"Psr. Abdullah No. 793, Probolinggo 45479, Jambi",address
356,"Kpg. Gotong Royong No. 275, Subulussalam 49558, Maluku",address
357,"Kpg. R.M. Said No. 219, Metro 24725, KalUt",address
358,"Kpg. B.Agam 1 No. 204, Surabaya 89464, Banten",address
359,"Jln. Ki Hajar Dewantara No. 340, Palu 19761, SumUt",address
360,"Kpg. Cihampelas No. 332, Palembang 54170, KepR",address
361,"Ki. Surapati No. 260, Tual 88354, KalTim",address
362,"Gg. Sudiarto No. 612, Makassar 29818, SumUt",address
363,"Gg. Gegerkalong Hilir No. 377, Surakarta 60911, JaBar",address
364,"Kpg. Achmad Yani No. 907, Jayapura 95728, KepR",address
365,"Gg. Padang No. 95, Bima 29731, Riau",address
366,"Kpg. Batako No. 470, Bogor 45418, SumBar",address
367,"Dk. Hang No. 595, Payakumbuh 40535, DIY",address
368,"Jr. Bagis Utama No. 900, Malang 59064, NTT",address
369,"Dk. Baung No. 976, Tidore Kepulauan 47579, PapBar",address
370,"Jln. Wahid Hasyim No. 489, Magelang 67522, Papua",address
371,"Dk. Baranang No. 861, Pangkal Pinang 12210, SumUt",address
372,"Jr. Kyai Mojo No. 123, Sibolga 93567, Bengkulu",address
373,"Gg. B.Agam Dlm No. 992, Sibolga 28982, DIY",address
374,"Kpg. Siliwangi No. 101, Bukittinggi 87313, KalTim",address
375,"Ds. Sutoyo No. 153, Tidore Kepulauan 92140, Bengkulu",address
376,"Jr. Bakti No. 515, Pekanbaru 21842, NTB",address
377,"Gg. Bah Jaya No. 946, Sabang 96218, JaTim",address
378,"Kpg. Cokroaminoto No. 905, Subulussalam 86902, JaTim",address
379,"Ds. Ahmad Dahlan No. 715, Lhokseumawe 82561, Aceh",address
380,"Gg. Bahagia  No. 508, Surakarta 92883, Maluku",address
381,"Kpg. Surapati No. 576, Sabang 61610, Maluku",address
382,"Kpg. Pasteur No. 215, Solok 47250, NTB",address
383,"Gg. Kebonjati No. 899, Ternate 28154, NTT",address
384,"Dk. Cokroaminoto No. 512, Administrasi Jakarta Utara 36142, PapBar",address
385,"Ds. Laksamana No. 826, Binjai 65728, KalSel",address
386,"Dk. Suniaraja No. 759, Banjarbaru 79803, Papua",address
387,"Dk. Baja No. 165, Kotamobagu 24686, KalUt",address
388,"Kpg. Yogyakarta No. 528, Metro 10086, KepR",address
389,"Psr. Bahagia No. 688, Banjar 67008, PapBar",address
390,"Psr. Cihampelas No. 802, Surakarta 69933, JaTeng",address
391,"Jln. Sutami No. 433, Kupang 81906, Jambi",address
392,"Ds. Ronggowarsito No. 811, Tebing Tinggi 64242, Jambi",address
393,"Gg. Katamso No. 881, Payakumbuh 43050, Maluku",address
394,"Gg. Katamso No. 264, Palembang 88211, DIY",address
395,"Psr. Baranang Siang Indah No. 771, Banda Aceh 85897, KalTeng",address
396,"Jr. Barasak No. 194, Mojokerto 91547, MalUt",address
397,"Jln. Bak Mandi No. 763, Ambon 62126, KalTeng",address
398,"Psr. Moch. Toha No. 976, Magelang 47222, PapBar",address
399,"Gg. Baha No. 660, Subulussalam 57452, KalTim",address
400,"Jr. Abdullah No. 364, Parepare 38259, SulUt",address
401,"Kpg. Thamrin No. 229, Bitung 71623, SulTra",address
402,"Psr. Industri No. 422, Solok 93963, DIY",address
403,"Ds. Baranang Siang Indah No. 87, Pagar Alam 35499, Bali",address
404,"Kpg. Imam No. 94, Lubuklinggau 23120, NTB",address
405,"Kpg. Villa No. 248, Probolinggo 66121, SulSel",address
406,"Jr. Bara Tambar No. 696, Palopo 14599, SulBar",address
407,"Ds. Cikutra Timur No. 828, Bogor 90367, NTB",address
408,"Gg. Pattimura No. 851, Tual 90380, NTB",address
409,"Ds. Banceng Pondok No. 663, Balikpapan 50668, SumUt",address
410,"Psr. Sukabumi No. 844, Langsa 69660, Banten",address
411,"Ki. Astana Anyar No. 305, Tidore Kepulauan 18908, KalTim",address
412,"Jr. Tubagus Ismail No. 715, Lhokseumawe 14074, SulTra",address
413,"Kpg. Bakau Griya Utama No. 78, Depok 66140, Jambi",address
414,"Ds. Dipatiukur No. 850, Gunungsitoli 41504, NTB",address
415,"Gg. Basoka Raya No. 228, Palangka Raya 48930, BaBel",address
416,"Gg. Rajawali Timur No. 670, Yogyakarta 50356, SumBar",address
417,"Kpg. Moch. Yamin No. 412, Medan 63014, Aceh",address
418,"Jr. Gajah Mada No. 31, Tasikmalaya 94228, KalTeng",address
419,"Psr. Sumpah Pemuda No. 779, Administrasi Jakarta Barat 56553, SulTra",address
420,"Ki. Rumah Sakit No. 810, Balikpapan 47149, Jambi",address
421,"Jln. Dipatiukur No. 492, Bukittinggi 22167, SulUt",address
422,"Psr. Barasak No. 761, Jayapura 22955, Jambi",address
423,"Jr. Krakatau No. 117, Binjai 13762, Lampung",address
424,"Jln. Raden No. 403, Tidore Kepulauan 97141, Jambi",address
425,"Psr. B.Agam 1 No. 264, Pekalongan 76511, JaTim",address
426,"Gg. Jakarta No. 955, Tebing Tinggi 49484, SulUt",address
427,"Jln. Bagas Pati No. 337, Kediri 82446, SulUt",address
428,"Ds. Basuki No. 458, Denpasar 45710, NTB",address
429,"Ki. Kalimalang No. 551, Mataram 43587, SulTeng",address
430,"Jr. Villa No. 563, Tomohon 47840, JaTeng",address
431,"Kpg. Sutoyo No. 243, Pontianak 72489, Bengkulu",address
432,"Jr. Cikapayang No. 568, Pematangsiantar 13834, Riau",address
433,"Dk. Bata Putih No. 527, Mojokerto 54365, JaTim",address
434,"Ds. Flora No. 396, Tebing Tinggi 10346, SulTeng",address
435,"Jln. Bappenas No. 444, Administrasi Jakarta Barat 62631, KalBar",address
436,"Jln. Suryo Pranoto No. 758, Manado 81636, Banten",address
437,"Psr. Reksoninten No. 312, Makassar 79139, SulUt",address
438,"Jln. Salatiga No. 920, Sukabumi 49649, Lampung",address
439,"Ds. Sugiono No. 664, Ternate 16957, PapBar",address
440,"Ki. Thamrin No. 735, Cirebon 16486, JaTim",address
441,"Ki. PHH. Mustofa No. 812, Pekanbaru 10022, JaBar",address
442,"Psr. Babah No. 622, Pontianak 77301, KalSel",address
443,"Jr. Bakaru No. 324, Pagar Alam 33653, NTB",address
444,"Ds. Fajar No. 180, Kotamobagu 56390, Bali",address
445,"Ki. Yos Sudarso No. 985, Kupang 77906, Aceh",address
446,"Psr. Achmad Yani No. 694, Mataram 99563, SumBar",address
447,"Ds. Rumah Sakit No. 519, Pontianak 96106, SulTeng",address
448,"Ki. Wahid No. 363, Parepare 62095, DKI",address
449,"Dk. Baung No. 613, Pangkal Pinang 61154, SumUt",address
450,"Jr. Sutan Syahrir No. 450, Salatiga 37745, SulSel",address
451,"Dk. Bambu No. 65, Kendari 92577, SumSel",address
452,"Jln. Hasanuddin No. 312, Ternate 21702, Jambi",address
453,"Ki. Achmad No. 857, Bitung 12933, KalSel",address
454,"Gg. Adisumarmo No. 47, Samarinda 81678, SumBar",address
455,"Jln. Abdul No. 139, Prabumulih 49586, Riau",address
456,"Jr. Supono No. 166, Tual 88244, SulTeng",address
457,"Ds. Kyai Mojo No. 207, Kotamobagu 18862, JaBar",address
458,"Jr. Suryo Pranoto No. 662, Mataram 51060, Bengkulu",address
459,"Ds. Tangkuban Perahu No. 336, Kendari 65595, Gorontalo",address
460,"Dk. Halim No. 523, Kendari 44131, DIY",address
461,"Jln. Ahmad Dahlan No. 90, Bengkulu 44479, Riau",address
462,"Jr. Antapani Lama No. 355, Bekasi 23213, Riau",address
463,"Jr. Karel S. Tubun No. 656, Jambi 87872, KalTim",address
464,"Gg. K.H. Wahid Hasyim (Kopo) No. 816, Metro 75056, DKI",address
465,"Jr. Industri No. 548, Bekasi 42966, SulUt",address
466,"Ki. Asia Afrika No. 200, Denpasar 67064, PapBar",address
467,"Kpg. Haji No. 174, Palopo 65007, PapBar",address
468,"Gg. Flores No. 793, Bogor 33074, SulTra",address
469,"Psr. Teuku Umar No. 948, Palangka Raya 96202, SumSel",address
470,"Kpg. Fajar No. 848, Padangsidempuan 17475, BaBel",address
471,"Psr. Agus Salim No. 526, Bogor 59558, SumUt",address
472,"Kpg. Kali No. 198, Pangkal Pinang 55151, SulBar",address
473,"Ds. Sunaryo No. 674, Samarinda 52564, JaTim",address
474,"Ki. R.E. Martadinata No. 221, Makassar 70569, KalBar",address
475,"Kpg. Nanas No. 629, Batam 12143, Gorontalo",address
476,"Ki. Wahid Hasyim No. 919, Administrasi Jakarta Utara 17097, KalSel",address
477,"Kpg. Achmad Yani No. 273, Pontianak 51654, BaBel",address
478,"Psr. Cokroaminoto No. 130, Lubuklinggau 65601, Aceh",address
479,"Kpg. Babadak No. 767, Solok 41006, Banten",address
480,"Jln. Juanda No. 475, Bengkulu 76816, SumSel",address
481,"Psr. Hang No. 966, Manado 77514, Maluku",address
482,"Gg. Gedebage Selatan No. 762, Tual 95285, Bali",address
483,"Kpg. Untung Suropati No. 722, Pariaman 69463, Lampung",address
484,"Jr. Otto No. 757, Ambon 93035, SumBar",address
485,"Ds. Basmol Raya No. 634, Sungai Penuh 36520, SulSel",address
486,"Gg. Basket No. 66, Pekalongan 94958, KalSel",address
487,"Dk. Lada No. 280, Sungai Penuh 10640, NTB",address
488,"Ds. K.H. Wahid Hasyim (Kopo) No. 472, Jambi 75481, KalTeng",address
0,5331023382169374,card
1,5192749337907413,card
2,4936559258892955,card
3,4532328500101,card
4,4916260321768,card
5,4929701723778067,card
6,4539229000057,card
7,5506763495873086,card
8,4532317825434837,card
9,371618140739327,card
10,4933815794802095,card
11,5285871398590371,card
12,4929202737629,card
13,5150369567614280,card
14,4916712832024,card
15,4485509402565,card
16,5298052280236085,card
17,4679467218175,card
18,4716511832328,card
19,4716961982318,card
20,6011776440356250,card
21,6011981436695014,card
22,5544733093865325,card
23,4826835413684765,card
24,5277245364161014,card
25,5106719018048493,card
26,349490099017793,card
27,4024007163336,card
28,4929398342194477,card
29,5267796590609152,card
30,6011469774196472,card
31,5426114830480400,card
32,4300198804403,card
33,4916870614461,card
34,4024007139590920,card
35,5580892539965472,card
36,4929639769799169,card
37,4716866502435,card
38,4485872717573,card
39,5288030120178255,card
40,5437743467591423,card
41,4716244992225,card
42,4026929791839,card
43,4024007194307,card
44,5132229307213913,card
45,4929113343947,card
46,373682388711214,card
47,5312933916132818,card
48,4485712293619546,card
49,5301496210487935,card
50,5585125089846775,card
51,5248772516910721,card
52,4916288274130,card
53,5466806830431991,card
54,6011806533697441,card
55,4929961113228,card
56,5143483664224206,card
57,5110474016520580,card
58,5240513029840536,card
59,6011233603530321,card
60,5137333567011192,card
61,5167082483250185,card
62,5254016874678111,card
63,4916527046122229,card
64,5438942230175279,card
65,5469518337148757,card
66,5589894255109310,card
67,4024007194513,card
68,4716364206000,card
69,5367997850651236,card
70,4929152323354,card
71,6011811630105330,card
72,4556787253149126,card
73,372873478976665,card
74,5370133095768206,card
75,5461605337679010,card
76,4929199854916,card
77,5299965739900416,card
78,5337113853966962,card
79,4929368500795,card
80,4929238040493,card
81,5142693841287428,card
82,5527638306514860,card
83,4716170581539,card
84,6011417141219089,card
85,6011637133162282,card
86,5245909815838699,card
87,4024007101135597,card
88,4532704516204571,card
89,4539035579820885,card
90,5428854376229699,card
91,5257165072018120,card
92,5271635977334519,card
93,5598442373310680,card
94,5179806244678276,card
95,4916051226937,card
96,5167526476630365,card
97,4485217496230,card
98,5320239320037746,card
99,4532274854946480,card
100,4539962075002447,card
101,5590881847843081,card
102,4929987745003,card
103,4929224526950,card
104,5403670613225400,card
105,4929888452543,card
106,4485043101624,card
107,4024007121664,card
108,5510255788144444,card
109,4532567832398520,card
110,4916555947368039,card
111,5313781983348604,card
112,5276384409443136,card
113,5126371286465151,card
114,4539017451104489,card
115,5545640020382531,card
116,4556095543093,card
117,5346375356650059,card
118,4716858708725237,card
119,6011382780979965,card
120,4929225928412496,card
121,5162094826303394,card
122,4539618751717167,card
123,4929302345521,card
124,6011241675975894,card
125,377832053156007,card
126,4539172090289389,card
127,5132213602912940,card
128,4532219729288774,card
129,5157204454328806,card
130,5446099674542884,card
131,5151638089969680,card
132,374632270426040,card
133,379996121350450,card
134,6011970345498693,card
135,4497052122441,card
136,6011346415334417,card
137,4539462896476,card
138,5139742171409022,card
139,5244867701766211,card
140,5253130122749367,card
141,5401392851289988,card
142,4716174386372,card
143,4716030879503,card
144,4322458269572,card
145,5153367179324568,card
146,4556768173150709,card
147,4916414255926832,card
148,6011204387710793,card
149,5433920204429935,card
150,4532475130298,card
151,5525215762882123,card
152,5591611278123649,card
153,4024007159441,card
154,5526331072159695,card
155,5173633136081492,card
156,5417253165139453,card
157,4024007100661189,card
158,5228810668196923,card
159,370955916481416,card
160,4916712595570396,card
161,4380420373130089,card
162,341750698987235,card
163,6011191121722483,card
164,4024007196221435,card
165,4485501182153653,card
166,4471839705366360,card
167,4186034849062663,card
168,4716474583616697,card
169,5165082624207104,card
170,5597626274214964,card
171,5323879103851255,card
172,5383038566893828,card
173,4024007181162297,card
174,5580893094449217,card
175,4127796342025650,card
176,5329923852801675,card
177,5355757481352297,card
178,5396703810190231,card
179,5451928677740933,card
180,5301211518494461,card
181,6011144818145906,card
182,5248870581726152,card
183,5413456052824335,card
184,5385548398493843,card
185,377789949028883,card
186,5427121688145521,card
187,4556732705633350,card
188,6011720028892146,card
189,5560651190982760,card
190,5527377910638589,card
191,346982082618267,card
192,5142972178161707,card
193,5589798492859886,card
194,4556222643394364,card
195,6011219285792644,card
196,4532243648719792,card
197,5339964794843639,card
198,5354701649576984,card
199,4532567135018379,card
200,5290450459644980,card
201,4024007170005879,card
202,4716657996929,card
203,4024007196692262,card
204,6011083329901466,card
205,6011671369388550,card
206,347440885879395,card
207,4532520549179,card
208,5156201159057053,card
209,4485577581043,card
210,4929797645083172,card
211,5209342144333501,card
212,6011474674819991,card
213,5179175119533895,card
214,5350406440754335,card
215,4024007139034135,card
216,5108355206867770,card
217,4475217983055,card
218,6011714664745296,card
219,5109452819643711,card
220,4716853262977,card
221,5472723619935906,card
222,4716116505561846,card
223,5374691647761082,card
224,4550149222721,card
225,5554283624980653,card
226,5210678140999747,card
227,6011957321291861,card
228,5332089568807771,card
229,377900210837692,card
230,4556359695084,card
231,5205604869255076,card
232,5594123680906915,card
233,5177559637133753,card
234,4024007194333240,card
235,5226700367179860,card
236,5518462546430063,card
237,4716320962258,card
238,4716200481669540,card
239,5153233495220197,card
240,4233873492572384,card
241,5406040715998550,card
242,5591237693751168,card
243,4716196798829308,card
244,4716061550270,card
245,5266893209390802,card
246,4024007184753,card
247,6011900760442843,card
248,4024007114164,card
249,5433598680345112,card
250,4716836656698143,card
251,4532701060251,card
252,342253232984981,card
253,4024007184523438,card
254,5502082480776483,card
255,5291916357489222,card
256,6011655523663388,card
257,5148042192162240,card
258,5286319073379693,card
259,4024007187535975,card
260,6011392406470067,card
261,4916605019630,card
262,5317189821220439,card
263,4916651142515795,card
264,4716911575113,card
265,4929704445622,card
266,4556857349254485,card
267,4522977903560621,card
268,4716545332295,card
269,6011029807621175,card
270,4539193047688,card
271,5545540249529229,card
272,4444130707812252,card
273,5375226395796565,card
274,5124578237184770,card
275,4716042681377858,card
276,343299718606449,card
277,5539175347397209,card
278,5252707339657284,card
279,5556879423548928,card
280,4556986881651,card
281,5240266831868456,card
282,4916352758869,card
283,4485112594387895,card
284,5158524082634088,card
285,5399159412674188,card
286,4024007103357,card
287,5303315859652211,card
288,5179052014653997,card
289,5123586764384797,card
290,376846879792242,card
291,4024007161546,card
292,4539990556463408,card
293,4485528027093356,card
294,6011052701459468,card
295,5484564790278773,card
296,5328020265456485,card
297,5302234137800123,card
298,5468898638366899,card
299,341856193941708,card
300,4716063920487266,card
301,5135721534443062,card
302,4966978294550976,card
303,5444129143197085,card
304,4485957253767,card
305,4024007175449668,card
306,5502229481514724,card
307,5111464556026634,card
308,4556663470513,card
309,5477169418783151,card
310,6011368954532391,card
311,4916204505054,card
312,4556020058825702,card
313,4024007185495,card
314,5176645836485473,card
315,5134342447276175,card
316,4532546310688677,card
317,5214080590505700,card
318,5564037514348852,card
319,6011860740569158,card
320,5393852807723174,card
321,5277610566166832,card
322,4532442820278,card
323,4539860033192971,card
324,5472126763272862,card
325,348606433181752,card
326,5575494800102153,card
327,4539530539861821,card
328,4617990794056,card
329,4539719351733883,card
330,4532403539552,card
331,5466478819606546,card
332,5178555251892350,card
333,344231538509478,card
334,4485297333782017,card
335,5456770744469814,card
336,6011830560838843,card
337,5159980242588821,card
338,5353480554492229,card
339,4532052132774,card
340,378734476337389,card
341,4929263310194190,card
342,5478740114247144,card
343,4532513914611992,card
344,4485322658096,card
345,377208053962829,card
346,4929886110614,card
347,6011301088104308,card
348,5203457185278377,card
349,4929622572122654,card
350,5226977848920498,card
351,379637601457106,card
352,4929865682096,card
353,4532067592299190,card
354,5418716918302452,card
355,5221882016238910,card
356,5293578878485358,card
357,5251313438703847,card
358,5459510689941477,card
359,6011752889308532,card
360,5538703862481495,card
361,5333082126457030,card
362,4024007100478,card
363,5368760246266013,card
364,4024007122725285,card
365,346584855942658,card
366,4556872197253,card
367,5519206396154995,card
368,5389455824465070,card
369,5142553740563867,card
370,4926063729437005,card
371,6011094221940411,card
372,4600421627646817,card
373,348628259758182,card
374,4024007122708174,card
375,4628993923279,card
376,5445903750143502,card
377,5434594103782162,card
378,4716143675327,card
379,5154051974992006,card
380,4916460530333,card
381,4929793869245,card
382,5442305738690427,card
383,5261859551136387,card
384,5373610125041412,card
385,4485904156782,card
386,4916771421941,card
387,5161963666253581,card
388,6011862084215794,card
389,6011203097573061,card
390,5135853397459891,card
391,5256447334629139,card
392,4916751103550,card
393,6011709916501687,card
394,4532980807893,card
395,4916984310162,card
396,4929546113404,card
397,4024007198421793,card
398,5249707076045558,card
399,5105382126779482,card
400,4916622892411048,card
401,4024007104835,card
402,5332036547495798,card
403,4929627181189,card
404,5467493702721152,card
405,4716615910045303,card
406,6011049178829231,card
407,377442395465940,card
408,4539726621668534,card
409,5235129800026224,card
410,5339681074026566,card
411,5502314505151297,card
412,4539468506087,card
413,4485212378295429,card
414,4468747985286,card
415,5120659792087915,card
416,5538367122141305,card
417,5288749482812785,card
418,5131734194076837,card
419,5435093549051778,card
420,4716760483092041,card
421,4532935171909365,card
422,5264103719240865,card
423,5226983737336911,card
424,5393662822589611,card
425,5299700087436477,card
426,4716805960736006,card
427,4539761392682281,card
428,5419718694832073,card
429,5352236365960973,card
430,4556659259992165,card
431,5128072417017386,card
432,346982050064650,card
433,5305798301585956,card
434,4929905556292,card
435,5556918890193394,card
436,4024007117668995,card
437,5117516082967237,card
438,4024007191200640,card
439,6011696895695871,card
440,377308414378226,card
441,5176445433657719,card
442,4916915798642,card
443,346185622826818,card
444,4556225737103237,card
445,5312131794302989,card
446,4929423388083739,card
447,349447840348141,card
448,4989155137160320,card
449,4916775109989,card
450,5139962428483725,card
451,5561942610453246,card
452,4024007105998,card
453,5279031907978397,card
454,5326843356763168,card
455,5322673585268695,card
456,375637742511138,card
457,4024007108448,card
458,4485823120828927,card
459,5205880020428766,card
460,5111937172676205,card
461,5528196733336570,card
462,4929203102955,card
463,4916805176053244,card
464,5195921082613564,card
465,5519346598975746,card
466,5137282171937211,card
467,4485013729953702,card
468,4929880163172666,card
469,6011421549677534,card
470,5503730240116668,card
471,4532242785902427,card
472,5114494360987389,card
473,4916858108189,card
474,5539523283463107,card
475,4024007157025601,card
476,6011741759125696,card
477,4532468563513280,card
478,4556644244958240,card
479,371367789781097,card
480,4532949318636,card
481,5302678214342013,card
482,5427858216151873,card
483,4929364494736432,card
484,372497000248300,card
485,5120492984530264,card
486,4251116304283,card
487,5326904234823390,card
488,5515038831113771,card
